user,date,text,favorite_count,busqueda
SmoothD64,Sat Oct 17 19:00:42 +0000 2020,"RT @over50panther: @911CORLEBRA777 Amazing thread! Two odd location details: Chinese National, Tao Liu, had VIP pass at Wheeling, West Virg‚Ä¶",0,BBVA
AllenAC009,Sat Oct 17 18:51:08 +0000 2020,"RT @HouSymphony: Hear Grieg's mysterious ""In the Hall of the Mountain King,"" performed by Rob Johnson, associate principal horn, then join‚Ä¶",0,BBVA
InteSystemsNsk,Sat Oct 17 18:32:42 +0000 2020,"Xerox: From 40 minutes down to 10, that's how much faster BBVA made onboarding when it started using Xerox Capture‚Ä¶ https://t.co/Extc3g1N8e",0,BBVA
HouSymphony,Sat Oct 17 18:30:00 +0000 2020,"Hear Grieg's mysterious ""In the Hall of the Mountain King,"" performed by Rob Johnson, associate principal horn, the‚Ä¶ https://t.co/9oDv9YzIBD",4,BBVA
mbluetyphoon,Sat Oct 17 18:28:15 +0000 2020,"RT @over50panther: @911CORLEBRA777 Amazing thread! Two odd location details: Chinese National, Tao Liu, had VIP pass at Wheeling, West Virg‚Ä¶",0,BBVA
Xerox,Sat Oct 17 18:15:18 +0000 2020,"From 40 minutes down to 10, that's how much faster BBVA made onboarding when it started using Xerox Capture &amp; Conte‚Ä¶ https://t.co/1Dv4oRHDQb",0,BBVA
Fernand34953952,Sat Oct 17 18:13:34 +0000 2020,RT @bbvaOpenMind: .@SustainHistory gives neurophilosophical perspectives and multi-disciplinary analyses on topics related to power and pol‚Ä¶,0,BBVA
rManoj1984,Sat Oct 17 18:11:15 +0000 2020,"RT @abhibheem: #Cashaa is one of #KPMG top 50 emerging fintech company
top 3 finalists if #bbva open talent
Top 3 finalists #Maltablockchai‚Ä¶",0,BBVA
bbvaOpenMind,Sat Oct 17 18:00:27 +0000 2020,.@SustainHistory gives neurophilosophical perspectives and multi-disciplinary analyses on topics related to power a‚Ä¶ https://t.co/6CM0lEhHpb,1,BBVA
vocalginge,Sat Oct 17 17:45:37 +0000 2020,"@evoterra I‚Äôm with BBVA for now. Free biz checking, a few other things. Local branches.",0,BBVA
Breanna1541,Sat Oct 17 17:40:14 +0000 2020,@BBVA_USA you all are crooks...,0,BBVA
CandaceBushSmi1,Sat Oct 17 17:37:54 +0000 2020,"Watching attempted cattle rustlers supporting abduction &amp; piracy. ‚úã

That's why I chose @BBVA_USA across street fro‚Ä¶ https://t.co/In4LvrfeNC",0,BBVA
bbvaedufin,Sat Oct 17 17:30:33 +0000 2020,#Goodpractices selected by #BBVAEdufin üëâüèº@villagecapital in global collaboration with @MetLife Foundation and‚Ä¶ https://t.co/GRb1tC3tBU,0,BBVA
johnnyswhere,Sat Oct 17 17:27:39 +0000 2020,"My sports world has taken a dump on me.
@RiverhoundsSC are out, @FulhamFC look lost in the premiership, and‚Ä¶ https://t.co/1xoIFPwPnG",0,BBVA
Breanna1541,Sat Oct 17 17:25:09 +0000 2020,@ Bbva y‚Äôall bitches take people money. Crooks,0,BBVA
actuallyreal33,Sat Oct 17 17:20:03 +0000 2020,"RT @over50panther: @911CORLEBRA777 Amazing thread! Two odd location details: Chinese National, Tao Liu, had VIP pass at Wheeling, West Virg‚Ä¶",0,BBVA
bbva,Sat Oct 17 17:18:06 +0000 2020,üìö A higher level of financial education in African American communities in the U.S. translates into higher economic‚Ä¶ https://t.co/sWFQz0YTtT,1,BBVA
Valerie21610251,Sat Oct 17 15:49:45 +0000 2020,@UNEP_FI @ABNAMRO @Allianz @avivaplc @AXA @Bank_OfAfrica @Barclays @bbva @blackrock @Citi @MoodysCorp @natixis‚Ä¶ https://t.co/IlvJktjX6h,0,BBVA
Valerie21610251,Sat Oct 17 15:48:26 +0000 2020,@UNEP_FI @Allianz @ABNAMRO @avivaplc @AXA @Bank_OfAfrica @Barclays @bbva @blackrock @Citi @MoodysCorp @natixis‚Ä¶ https://t.co/EROTnTChV3,0,BBVA
GlowGirlGlobal,Sat Oct 17 15:13:14 +0000 2020,"#FittingStatements KLIENT of the WEEK goes to Umeka Johnson Hart, VP of Banking @ BBVA, who knows what it means to‚Ä¶ https://t.co/33bnYfvqdU",0,BBVA
GODRadio1,Sat Oct 17 15:05:09 +0000 2020,"BBVA is hosting a Virtual Debt Management Workshop on Oct 17 @11am. Check flyer for more details.
#BBVA‚Ä¶ https://t.co/HncFkiwyIm",0,BBVA
SSXman2,Sat Oct 17 14:45:41 +0000 2020,"RT @stratorob: Here our overview of the Top 50 Digital Banks. Congrats to all. https://t.co/qxfSs4koLw 

@americanexpress @bni @banesco @it‚Ä¶",0,BBVA
SSXman2,Sat Oct 17 14:43:33 +0000 2020,"RT @stratorob: Here our overview of the Top 30 Digital Banks. Congrats to all. https://t.co/hYekAvBdV2 

@americanexpress @bni @banesco @it‚Ä¶",0,BBVA
SSXman2,Sat Oct 17 14:42:37 +0000 2020,"RT @stratorob: Here our overview of the Top 10 Digital Banks. Congrats to all. https://t.co/p2dKz9R2S2 

@americanexpress @bni @banesco @it‚Ä¶",0,BBVA
financesfriends,Sat Oct 17 14:30:00 +0000 2020,Don't let changing interest rates deter you from keeping your emergency fund accessible and at hand. Just the other‚Ä¶ https://t.co/699cudJqk3,2,BBVA
nitanan1,Sat Oct 17 14:29:45 +0000 2020,"RT @over50panther: @911CORLEBRA777 Amazing thread! Two odd location details: Chinese National, Tao Liu, had VIP pass at Wheeling, West Virg‚Ä¶",0,BBVA
cliffordanglade,Sat Oct 17 14:25:50 +0000 2020,"@JuddPDeere45 @cyber @ScottMorrisonMP(Pt10)@Citi,@eBay,@amazon,@Twitter,@bbva,@Microsoft,@Outlook,@SocialSecurity,‚Ä¶ https://t.co/VixcB2DCG2",0,BBVA
jacnicolegarcia,Sat Oct 17 14:22:12 +0000 2020,My experience with @BBVA_USA has sucked so bad I‚Äôll just stick with Wells Fargo or switch to Chime ü§¶üèª‚Äç‚ôÄÔ∏èü§¶üèª‚Äç‚ôÄÔ∏è,0,BBVA
RickVargas82,Sat Oct 17 14:19:51 +0000 2020,"Someone tried frauding my account yesterday smh, I was mad at @bbva for locking my card, but it was for my protecti‚Ä¶ https://t.co/8xvoNWuUeO",0,BBVA
over50panther,Sat Oct 17 14:16:04 +0000 2020,"@911CORLEBRA777 Amazing thread! Two odd location details: Chinese National, Tao Liu, had VIP pass at Wheeling, West‚Ä¶ https://t.co/rRtzGC0AaK",13,BBVA
Kimo_1z,Sat Oct 17 13:57:32 +0000 2020,@BaffyDaPundit Me not knowing the coach for gatefe doesn‚Äôt change the quality of the liga bbva. I don‚Äôt know the coach for Brighton either,0,BBVA
shortvolumes,Sat Oct 17 11:18:01 +0000 2020,Short sale vol (not short interest) for $SAN on 2020-10-16 is 48%. https://t.co/ng9JXdFIv4 $BSAC 78% $BSMX 71% $BBVA 39% $ITUB 72%,0,BBVA
CTMfile,Sat Oct 17 11:05:39 +0000 2020,RT @CTMfile: Industry roundup: 16 October: #SWIFTgpi #BusinessBanking #TradeFinance @bbva @DeutscheBank @network_polo #BBVA #DeutscheBank #‚Ä¶,0,BBVA
angeldelmu,Sat Oct 17 10:19:56 +0000 2020,"RT @pacsta11: Top story: Hackathon BBVA 2020 - Live https://t.co/Ixh8ZGu3mz, see more https://t.co/YzHWBJmhXU",0,BBVA
pacsta11,Sat Oct 17 10:17:00 +0000 2020,"Top story: Hackathon BBVA 2020 - Live https://t.co/Ixh8ZGu3mz, see more https://t.co/YzHWBJmhXU",1,BBVA
bbvaedufin,Sat Oct 17 10:00:17 +0000 2020,üìî New study selected by #BBVAEduFin üëâüèºIt‚Äôs Time to Tie Bank Profits to Customers‚Äô Financial Health by‚Ä¶ https://t.co/YjUFVzZ3I8,1,BBVA
alvaroortiz1968,Sat Oct 17 09:33:15 +0000 2020,Turkey¬¥s GDP : Going and going ... Turkey¬¥s CBRT Survey of Expectations (the most reliable) upgrade again GDP expec‚Ä¶ https://t.co/mmKm01kfEn,12,BBVA
BenotGaudet1,Sat Oct 17 09:18:14 +0000 2020,"RT @abhibheem: #Cashaa is one of #KPMG top 50 emerging fintech company
top 3 finalists if #bbva open talent
Top 3 finalists #Maltablockchai‚Ä¶",0,BBVA
BBVAInnovation,Sat Oct 17 08:28:13 +0000 2020,RT @Finextra: Company announcement: Almost 800 coders will compete in BBVA 2020 hackathon https://t.co/qLJZKfy2bj #fintech,0,BBVA
jimenayolanda,Sat Oct 17 08:03:59 +0000 2020,"RT @BBVAPrensa: üîà The #HackathonBBVA 2020 has attracted a total of 3,544 candidates so far, of which 792 made the final cut. From Oct.16-18‚Ä¶",0,BBVA
MirandaMish,Sat Oct 17 07:40:56 +0000 2020,@Soyfurrr Bancomer @BBVA_Mex,0,BBVA
CamFinTechUru,Sat Oct 17 07:39:04 +0000 2020,BBVA‚Äôs Rueda to speak at Banking Automation Summit https://t.co/VNm90lhzBk https://t.co/HNI1E2H2KY,0,BBVA
_Data_Science,Sat Oct 17 07:26:05 +0000 2020,BBVA‚Äôs Rueda to speak at Banking Automation Summit https://t.co/DWcxYdAwMT,0,BBVA
dhfull50,Sat Oct 17 06:32:54 +0000 2020,"RT @over50panther: @Tom_Winter @LincolnsBible @ericgarland ‚ÄúIn a 2019 DEA seizure application for BBVA accounts in Tennessee, investigators‚Ä¶",0,BBVA
StationDynamo,Sat Oct 17 04:17:13 +0000 2020,Wow. A lot to unpack here...so I think I‚Äôm going to hold judgement until I see a better photo but a crest change ai‚Ä¶ https://t.co/H1Y11PfYx8,11,BBVA
cliffordanglade,Sat Oct 17 04:13:24 +0000 2020,"@MarkMeadows @FBIWFO @ScottMorrisonMP(Pt10)@Citi,@eBay,@amazon,@Twitter,@bbva,@Microsoft,@Outlook,@SocialSecurity,‚Ä¶ https://t.co/R3oAENLHJ4",0,BBVA
GODRadio1,Sat Oct 17 04:08:37 +0000 2020,Now Playing BBVA Financial Literacy Series - BBVA Financial Literacy Series,0,BBVA
abhibheem,Sat Oct 17 04:01:33 +0000 2020,"#Cashaa is one of #KPMG top 50 emerging fintech company
top 3 finalists if #bbva open talent
Top 3 finalists‚Ä¶ https://t.co/0pfv7nVOki",2,BBVA
LiveFree_76,Sat Oct 17 03:46:35 +0000 2020,"‚ÄúIn a 2019 DEA seizure application for BBVA accounts in Tennessee, investigations into a local drug gang determined‚Ä¶ https://t.co/VZPIsSEyJN",1,BBVA
Going_Digital30,Sat Oct 17 02:27:46 +0000 2020,Almost 800 hackers will compete in BBVA Hackathon 2020 https://t.co/ZQFk8Un9tI #hackathonbbva,0,BBVA
businessnetwor5,Sat Oct 17 02:17:09 +0000 2020,BBVA‚Äôs Rueda to speak at Banking Automation Summit #Banking via https://t.co/uXU6Z01Ol3 https://t.co/6CZmDEn5hq,0,BBVA
Bixtra,Sat Oct 17 02:12:21 +0000 2020,"RT @GODRadio1: BBVA is hosting a Virtual Debt Management Workshop on Oct 17 @11am. Check flyer for more details.
#BBVA #FinancialLiteracy #‚Ä¶",0,BBVA
411emilio,Sat Oct 17 01:42:25 +0000 2020,RT @bbvaOpenMind: Optical illusions have kept scientists busy trying to work out whether the key to the effect lies in our vision or in our‚Ä¶,0,BBVA
shortvolumes,Sat Oct 17 01:36:01 +0000 2020,Short sale volume (not short interest) for $BBD on 2020-10-16 is 53%. https://t.co/bolKnM70B7 $BCH 53% $HSBC 65% $RY 65% $BBVA 39%,0,BBVA
SantchiWeb,Sat Oct 17 01:10:53 +0000 2020,RT @ShopperMedia: BBVA‚Äôs Rueda to speak at Banking Automation Summit https://t.co/PIjI4Q7B47 https://t.co/VY8yBs3Qie,0,BBVA
ShopperMedia,Sat Oct 17 01:10:03 +0000 2020,BBVA‚Äôs Rueda to speak at Banking Automation Summit https://t.co/PIjI4Q7B47 https://t.co/VY8yBs3Qie,0,BBVA
ann_neels,Sat Oct 17 01:09:01 +0000 2020,"RT @over50panther: @Tom_Winter @LincolnsBible @ericgarland ‚ÄúIn a 2019 DEA seizure application for BBVA accounts in Tennessee, investigators‚Ä¶",0,BBVA
Lucian2drei,Sat Oct 17 00:52:11 +0000 2020,RT @Finextra: Company announcement: BBVA joins with Swift to test gpi to Faster Payments... https://t.co/HYgUwzzzZN #fintech,0,BBVA
over50panther,Sat Oct 17 00:46:03 +0000 2020,"@Tom_Winter @LincolnsBible @ericgarland ‚ÄúIn a 2019 DEA seizure application for BBVA accounts in Tennessee, investig‚Ä¶ https://t.co/UM8nTxTksX",5,BBVA
rhbtoday,Sat Oct 17 00:07:01 +0000 2020,"Today In Digital-First Banking: Mizuho Bank, JCB, Fujitsu Will Test Blockchain ID Tech; BBVA ... https://t.co/WALJmV9krw",0,BBVA
JobsBeaumontTX,Fri Oct 16 23:05:05 +0000 2020,JOB: Silsbee TX USA - Personal Banker / Silsbee Main Financial Solutions Consultant I - BBVA USA Californ JOBS BEAU‚Ä¶ https://t.co/da9WbPef6w,0,BBVA
amicloudy,Fri Oct 16 23:00:10 +0000 2020,"@BBVA_USA i have wasted my entire lunch break being hung up on by the credit card department... fucking awesome guys, thanks.",0,BBVA
azatampswfc,Fri Oct 16 22:51:25 +0000 2020,@wfcpryman I would hybrid into a bundesliga or Bbva defence,0,BBVA
cliffordanglade,Fri Oct 16 22:43:16 +0000 2020,"@POTUS @robertcobrien @ScottMorrisonMP(Pt10)@Citi,@eBay,@amazon,@Twitter,@bbva,@Microsoft,@Outlook,@SocialSecurity,‚Ä¶ https://t.co/WJ4yzg5bRj",0,BBVA
ChartMill,Fri Oct 16 21:37:02 +0000 2020,The technical rating of $BBVA.MC is bad and it also does not present a quality setup at the moment.‚Ä¶ https://t.co/ncxG7deKOo,0,BBVA
ChartMill,Fri Oct 16 21:28:03 +0000 2020,The technical rating of $BBVA.MC is bad and it also does not present a quality setup at the moment.‚Ä¶ https://t.co/RUgqMMHCbJ,0,BBVA
RiskyCapitalism,Fri Oct 16 21:14:46 +0000 2020,"I'm considering 

Long 1 cent &gt; daily high

$HSBC 
$BDX
$ECL 
$SAN 
$ALL
$ING
$FCAU
$HLT
$PPL
$GDRX
$BBVA 
$MT‚Ä¶ https://t.co/v4G2zg2i6G",0,BBVA
BlancaSanjuanbe,Fri Oct 16 21:01:23 +0000 2020,RT @bbvaOpenMind: üå± Nature has always been a source of inspiration for human beings. The race is now on to artificially replicate the photo‚Ä¶,0,BBVA
lilyoshi777,Fri Oct 16 21:00:12 +0000 2020,RT @RooseveltMadeit: I like BBVA cause they instant,0,BBVA
Fernand34953952,Fri Oct 16 20:53:32 +0000 2020,RT @bbvaOpenMind: üå± Nature has always been a source of inspiration for human beings. The race is now on to artificially replicate the photo‚Ä¶,0,BBVA
jewbtastic,Fri Oct 16 20:45:36 +0000 2020,"@gnarly_rae The post office I understand, but what did the bbva do",1,BBVA
Mystic__SI,Fri Oct 16 20:44:55 +0000 2020,RT @wfootballers: LIGA BBVA ? Ozil leaves Werder Bremen | drkid.net http://ow.ly/19cZJ7,0,BBVA
GalvanHomes,Fri Oct 16 20:37:08 +0000 2020,"Stunning Luxury Rental with a gorgeous view! https://t.co/ZsZHe5HYxt
#BBVA",0,BBVA
ElWeydelaMoto,Fri Oct 16 20:02:54 +0000 2020,@BBVARe_mx @gaby_cam @bbva Gaby.... https://t.co/E09OvjrFWb,1,BBVA
bbvaOpenMind,Fri Oct 16 20:00:15 +0000 2020,üå± Nature has always been a source of inspiration for human beings. The race is now on to artificially replicate the‚Ä¶ https://t.co/L5EwhS5Ekk,2,BBVA
42Stocks,Fri Oct 16 19:58:13 +0000 2020,"https://t.co/WoXPkQDQMm

2020-OCT-16 3:55pm
$BBAR Banco BBVA Argentina S.A ADS up 7.44% = $87.9 million gain. At $1‚Ä¶ https://t.co/u9e9uIKJQu",0,BBVA
wallabycard,Fri Oct 16 19:46:27 +0000 2020,"Today In Digital-First Banking: Mizuho Bank, JCB, Fujitsu Will Test Blockchain ID Tech; BBVA Takes Part In UK Ins... https://t.co/LWBJ7Pn32A",0,BBVA
ANT159694954,Fri Oct 16 19:29:08 +0000 2020,"https://t.co/KidVB7PjM5
WONDER HOW THE HELPING SWIFT ?? BBVA WAS USING RIPPLE ??
April 2017, Ripple announced that‚Ä¶ https://t.co/cGpJi22Ezf",1,BBVA
McClain_on_NFL,Fri Oct 16 19:29:05 +0000 2020,"RT @HoustonChron: BBVA‚Äôs Rosilyn Houston on growth, mentoring and impact https://t.co/2mfJ7KsZfr",0,BBVA
e_nterdiscipl,Fri Oct 16 19:22:15 +0000 2020,RT @garypalmerjr: BBVA Participates In Pilot For Instant Payments In Britain https://t.co/7mupPzkxic | #Payments #Technology #FinTech #Busi‚Ä¶,0,BBVA
garypalmerjr,Fri Oct 16 19:21:16 +0000 2020,BBVA Participates In Pilot For Instant Payments In Britain https://t.co/7mupPzkxic | #Payments #Technology #FinTech‚Ä¶ https://t.co/eSU5PDtbOw,1,BBVA
AnilSha38998482,Fri Oct 16 19:07:03 +0000 2020,BBVA‚Äôs Rueda to speak at Banking Automation Summit https://t.co/5HQBTXweCe https://t.co/W758OcFvLN,0,BBVA
hot_eaa,Fri Oct 16 18:58:58 +0000 2020,@bbva has good news for #Fleet shoppers https://t.co/quvtnwMO8G,0,BBVA
A_Lusardi,Fri Oct 16 18:48:32 +0000 2020,RT @bbvaedufin: üìπ5 Fundamental Concepts Behind Financial Planning https://t.co/lvYC2ws8DE via @A_Lusardi,0,BBVA
BigDaddyTxMx,Fri Oct 16 18:45:21 +0000 2020,"Hoy estuve at BBVA stadium checking sound and lights..
#Savage https://t.co/d45J5hVhqN",0,BBVA
BBVAMomentum,Fri Oct 16 18:30:20 +0000 2020,üå±The current environment is conducive for impact entrepreneurs to make a societal difference by alleviating the pro‚Ä¶ https://t.co/uryfidAnas,0,BBVA
Fernand34953952,Fri Oct 16 18:30:13 +0000 2020,"RT @bbvaOpenMind: Microplastics can now be found on land, in our oceans, and even in the air we breathe. üò± We talk about the natural allies‚Ä¶",0,BBVA
paymentsjournal,Fri Oct 16 18:30:03 +0000 2020,"Since the onset of various #RTP systems being launched on a regular basis across various global markets, there were‚Ä¶ https://t.co/bMy9HqAxBQ",0,BBVA
HoustonChron,Fri Oct 16 18:29:20 +0000 2020,"BBVA‚Äôs Rosilyn Houston on growth, mentoring and impact https://t.co/2mfJ7KsZfr",2,BBVA
RPAutomation,Fri Oct 16 18:27:38 +0000 2020,"BBVA's Rueda to speak at Banking Automation Summit - https://t.co/kADHTb4QWm #IntelligentRPA 
https://t.co/1YfsuEvOep",0,BBVA
KikeFinanzas,Fri Oct 16 18:21:40 +0000 2020,RT @alvaroortiz1968: A pleasure to share our Big Data job at the ECB workshop on High Frequency Data... and now with you !!! We will contin‚Ä¶,0,BBVA
themoneycloud,Fri Oct 16 18:16:49 +0000 2020,BBVA‚Äôs Rueda to speak at Banking Automation¬†Summit https://t.co/g9nDvjqy4r,0,BBVA
ILoveBooks786,Fri Oct 16 18:10:02 +0000 2020,RT @Finextra: Company announcement: Almost 800 coders will compete in BBVA 2020 hackathon https://t.co/qLJZKfy2bj #fintech,0,BBVA
LianLi53108135,Fri Oct 16 18:06:01 +0000 2020,"RT @bbvaOpenMind: Microplastics can now be found on land, in our oceans, and even in the air we breathe. üò± We talk about the natural allies‚Ä¶",0,BBVA
Morrie2019,Fri Oct 16 17:52:06 +0000 2020,"RT @File411: USA v $617,524.24 fr BBVA Compass Bank Account XXX in the Name of Francisco Ley Tan
2017n- a Grand Jury returned a superseding‚Ä¶",0,BBVA
techtrendingnow,Fri Oct 16 17:45:38 +0000 2020,"RT @SaeedBaygi: Today In Digital-First #Banking: Mizuho #Bank, JCB, Fujitsu Will Test #Blockchain ID #Tech; BBVA Takes Part In UK Instant P‚Ä¶",0,BBVA
SaeedBaygi,Fri Oct 16 17:45:33 +0000 2020,"Today In Digital-First #Banking: Mizuho #Bank, JCB, Fujitsu Will Test #Blockchain ID #Tech; BBVA Takes Part In UK I‚Ä¶ https://t.co/ykOc1VJsSH",0,BBVA
ecology_tweets,Fri Oct 16 17:40:20 +0000 2020,"RT @bbvaOpenMind: Microplastics can now be found on land, in our oceans, and even in the air we breathe. üò± We talk about the natural allies‚Ä¶",0,BBVA
Future_Assetmgt,Fri Oct 16 17:36:01 +0000 2020,BBVA Pilots SWIFT gpi Integration into UK‚Äôs FPS Infrastructure https://t.co/OEQ9ZId3gG #wealthtech #regtech,0,BBVA
bbvaOpenMind,Fri Oct 16 17:30:26 +0000 2020,"Microplastics can now be found on land, in our oceans, and even in the air we breathe. üò± We talk about the natural‚Ä¶ https://t.co/RnvRHjHVEJ",2,BBVA
SmoothD64,Sat Oct 17 19:00:42 +0000 2020,"RT @over50panther: @911CORLEBRA777 Amazing thread! Two odd location details: Chinese National, Tao Liu, had VIP pass at Wheeling, West Virg‚Ä¶",0,bbva
AllenAC009,Sat Oct 17 18:51:08 +0000 2020,"RT @HouSymphony: Hear Grieg's mysterious ""In the Hall of the Mountain King,"" performed by Rob Johnson, associate principal horn, then join‚Ä¶",0,bbva
InteSystemsNsk,Sat Oct 17 18:32:42 +0000 2020,"Xerox: From 40 minutes down to 10, that's how much faster BBVA made onboarding when it started using Xerox Capture‚Ä¶ https://t.co/Extc3g1N8e",0,bbva
HouSymphony,Sat Oct 17 18:30:00 +0000 2020,"Hear Grieg's mysterious ""In the Hall of the Mountain King,"" performed by Rob Johnson, associate principal horn, the‚Ä¶ https://t.co/9oDv9YzIBD",4,bbva
mbluetyphoon,Sat Oct 17 18:28:15 +0000 2020,"RT @over50panther: @911CORLEBRA777 Amazing thread! Two odd location details: Chinese National, Tao Liu, had VIP pass at Wheeling, West Virg‚Ä¶",0,bbva
Xerox,Sat Oct 17 18:15:18 +0000 2020,"From 40 minutes down to 10, that's how much faster BBVA made onboarding when it started using Xerox Capture &amp; Conte‚Ä¶ https://t.co/1Dv4oRHDQb",0,bbva
Fernand34953952,Sat Oct 17 18:13:34 +0000 2020,RT @bbvaOpenMind: .@SustainHistory gives neurophilosophical perspectives and multi-disciplinary analyses on topics related to power and pol‚Ä¶,0,bbva
rManoj1984,Sat Oct 17 18:11:15 +0000 2020,"RT @abhibheem: #Cashaa is one of #KPMG top 50 emerging fintech company
top 3 finalists if #bbva open talent
Top 3 finalists #Maltablockchai‚Ä¶",0,bbva
bbvaOpenMind,Sat Oct 17 18:00:27 +0000 2020,.@SustainHistory gives neurophilosophical perspectives and multi-disciplinary analyses on topics related to power a‚Ä¶ https://t.co/6CM0lEhHpb,1,bbva
vocalginge,Sat Oct 17 17:45:37 +0000 2020,"@evoterra I‚Äôm with BBVA for now. Free biz checking, a few other things. Local branches.",0,bbva
Breanna1541,Sat Oct 17 17:40:14 +0000 2020,@BBVA_USA you all are crooks...,0,bbva
CandaceBushSmi1,Sat Oct 17 17:37:54 +0000 2020,"Watching attempted cattle rustlers supporting abduction &amp; piracy. ‚úã

That's why I chose @BBVA_USA across street fro‚Ä¶ https://t.co/In4LvrfeNC",0,bbva
bbvaedufin,Sat Oct 17 17:30:33 +0000 2020,#Goodpractices selected by #BBVAEdufin üëâüèº@villagecapital in global collaboration with @MetLife Foundation and‚Ä¶ https://t.co/GRb1tC3tBU,0,bbva
johnnyswhere,Sat Oct 17 17:27:39 +0000 2020,"My sports world has taken a dump on me.
@RiverhoundsSC are out, @FulhamFC look lost in the premiership, and‚Ä¶ https://t.co/1xoIFPwPnG",0,bbva
Breanna1541,Sat Oct 17 17:25:09 +0000 2020,@ Bbva y‚Äôall bitches take people money. Crooks,0,bbva
actuallyreal33,Sat Oct 17 17:20:03 +0000 2020,"RT @over50panther: @911CORLEBRA777 Amazing thread! Two odd location details: Chinese National, Tao Liu, had VIP pass at Wheeling, West Virg‚Ä¶",0,bbva
bbva,Sat Oct 17 17:18:06 +0000 2020,üìö A higher level of financial education in African American communities in the U.S. translates into higher economic‚Ä¶ https://t.co/sWFQz0YTtT,1,bbva
Valerie21610251,Sat Oct 17 15:49:45 +0000 2020,@UNEP_FI @ABNAMRO @Allianz @avivaplc @AXA @Bank_OfAfrica @Barclays @bbva @blackrock @Citi @MoodysCorp @natixis‚Ä¶ https://t.co/IlvJktjX6h,0,bbva
Valerie21610251,Sat Oct 17 15:48:26 +0000 2020,@UNEP_FI @Allianz @ABNAMRO @avivaplc @AXA @Bank_OfAfrica @Barclays @bbva @blackrock @Citi @MoodysCorp @natixis‚Ä¶ https://t.co/EROTnTChV3,0,bbva
GlowGirlGlobal,Sat Oct 17 15:13:14 +0000 2020,"#FittingStatements KLIENT of the WEEK goes to Umeka Johnson Hart, VP of Banking @ BBVA, who knows what it means to‚Ä¶ https://t.co/33bnYfvqdU",0,bbva
GODRadio1,Sat Oct 17 15:05:09 +0000 2020,"BBVA is hosting a Virtual Debt Management Workshop on Oct 17 @11am. Check flyer for more details.
#BBVA‚Ä¶ https://t.co/HncFkiwyIm",0,bbva
SSXman2,Sat Oct 17 14:45:41 +0000 2020,"RT @stratorob: Here our overview of the Top 50 Digital Banks. Congrats to all. https://t.co/qxfSs4koLw 

@americanexpress @bni @banesco @it‚Ä¶",0,bbva
SSXman2,Sat Oct 17 14:43:33 +0000 2020,"RT @stratorob: Here our overview of the Top 30 Digital Banks. Congrats to all. https://t.co/hYekAvBdV2 

@americanexpress @bni @banesco @it‚Ä¶",0,bbva
SSXman2,Sat Oct 17 14:42:37 +0000 2020,"RT @stratorob: Here our overview of the Top 10 Digital Banks. Congrats to all. https://t.co/p2dKz9R2S2 

@americanexpress @bni @banesco @it‚Ä¶",0,bbva
financesfriends,Sat Oct 17 14:30:00 +0000 2020,Don't let changing interest rates deter you from keeping your emergency fund accessible and at hand. Just the other‚Ä¶ https://t.co/699cudJqk3,2,bbva
nitanan1,Sat Oct 17 14:29:45 +0000 2020,"RT @over50panther: @911CORLEBRA777 Amazing thread! Two odd location details: Chinese National, Tao Liu, had VIP pass at Wheeling, West Virg‚Ä¶",0,bbva
cliffordanglade,Sat Oct 17 14:25:50 +0000 2020,"@JuddPDeere45 @cyber @ScottMorrisonMP(Pt10)@Citi,@eBay,@amazon,@Twitter,@bbva,@Microsoft,@Outlook,@SocialSecurity,‚Ä¶ https://t.co/VixcB2DCG2",0,bbva
jacnicolegarcia,Sat Oct 17 14:22:12 +0000 2020,My experience with @BBVA_USA has sucked so bad I‚Äôll just stick with Wells Fargo or switch to Chime ü§¶üèª‚Äç‚ôÄÔ∏èü§¶üèª‚Äç‚ôÄÔ∏è,0,bbva
RickVargas82,Sat Oct 17 14:19:51 +0000 2020,"Someone tried frauding my account yesterday smh, I was mad at @bbva for locking my card, but it was for my protecti‚Ä¶ https://t.co/8xvoNWuUeO",0,bbva
over50panther,Sat Oct 17 14:16:04 +0000 2020,"@911CORLEBRA777 Amazing thread! Two odd location details: Chinese National, Tao Liu, had VIP pass at Wheeling, West‚Ä¶ https://t.co/rRtzGC0AaK",13,bbva
Kimo_1z,Sat Oct 17 13:57:32 +0000 2020,@BaffyDaPundit Me not knowing the coach for gatefe doesn‚Äôt change the quality of the liga bbva. I don‚Äôt know the coach for Brighton either,0,bbva
shortvolumes,Sat Oct 17 11:18:01 +0000 2020,Short sale vol (not short interest) for $SAN on 2020-10-16 is 48%. https://t.co/ng9JXdFIv4 $BSAC 78% $BSMX 71% $BBVA 39% $ITUB 72%,0,bbva
CTMfile,Sat Oct 17 11:05:39 +0000 2020,RT @CTMfile: Industry roundup: 16 October: #SWIFTgpi #BusinessBanking #TradeFinance @bbva @DeutscheBank @network_polo #BBVA #DeutscheBank #‚Ä¶,0,bbva
angeldelmu,Sat Oct 17 10:19:56 +0000 2020,"RT @pacsta11: Top story: Hackathon BBVA 2020 - Live https://t.co/Ixh8ZGu3mz, see more https://t.co/YzHWBJmhXU",0,bbva
pacsta11,Sat Oct 17 10:17:00 +0000 2020,"Top story: Hackathon BBVA 2020 - Live https://t.co/Ixh8ZGu3mz, see more https://t.co/YzHWBJmhXU",1,bbva
bbvaedufin,Sat Oct 17 10:00:17 +0000 2020,üìî New study selected by #BBVAEduFin üëâüèºIt‚Äôs Time to Tie Bank Profits to Customers‚Äô Financial Health by‚Ä¶ https://t.co/YjUFVzZ3I8,1,bbva
alvaroortiz1968,Sat Oct 17 09:33:15 +0000 2020,Turkey¬¥s GDP : Going and going ... Turkey¬¥s CBRT Survey of Expectations (the most reliable) upgrade again GDP expec‚Ä¶ https://t.co/mmKm01kfEn,12,bbva
BenotGaudet1,Sat Oct 17 09:18:14 +0000 2020,"RT @abhibheem: #Cashaa is one of #KPMG top 50 emerging fintech company
top 3 finalists if #bbva open talent
Top 3 finalists #Maltablockchai‚Ä¶",0,bbva
BBVAInnovation,Sat Oct 17 08:28:13 +0000 2020,RT @Finextra: Company announcement: Almost 800 coders will compete in BBVA 2020 hackathon https://t.co/qLJZKfy2bj #fintech,0,bbva
jimenayolanda,Sat Oct 17 08:03:59 +0000 2020,"RT @BBVAPrensa: üîà The #HackathonBBVA 2020 has attracted a total of 3,544 candidates so far, of which 792 made the final cut. From Oct.16-18‚Ä¶",0,bbva
MirandaMish,Sat Oct 17 07:40:56 +0000 2020,@Soyfurrr Bancomer @BBVA_Mex,0,bbva
CamFinTechUru,Sat Oct 17 07:39:04 +0000 2020,BBVA‚Äôs Rueda to speak at Banking Automation Summit https://t.co/VNm90lhzBk https://t.co/HNI1E2H2KY,0,bbva
_Data_Science,Sat Oct 17 07:26:05 +0000 2020,BBVA‚Äôs Rueda to speak at Banking Automation Summit https://t.co/DWcxYdAwMT,0,bbva
dhfull50,Sat Oct 17 06:32:54 +0000 2020,"RT @over50panther: @Tom_Winter @LincolnsBible @ericgarland ‚ÄúIn a 2019 DEA seizure application for BBVA accounts in Tennessee, investigators‚Ä¶",0,bbva
StationDynamo,Sat Oct 17 04:17:13 +0000 2020,Wow. A lot to unpack here...so I think I‚Äôm going to hold judgement until I see a better photo but a crest change ai‚Ä¶ https://t.co/H1Y11PfYx8,11,bbva
cliffordanglade,Sat Oct 17 04:13:24 +0000 2020,"@MarkMeadows @FBIWFO @ScottMorrisonMP(Pt10)@Citi,@eBay,@amazon,@Twitter,@bbva,@Microsoft,@Outlook,@SocialSecurity,‚Ä¶ https://t.co/R3oAENLHJ4",0,bbva
GODRadio1,Sat Oct 17 04:08:37 +0000 2020,Now Playing BBVA Financial Literacy Series - BBVA Financial Literacy Series,0,bbva
abhibheem,Sat Oct 17 04:01:33 +0000 2020,"#Cashaa is one of #KPMG top 50 emerging fintech company
top 3 finalists if #bbva open talent
Top 3 finalists‚Ä¶ https://t.co/0pfv7nVOki",2,bbva
LiveFree_76,Sat Oct 17 03:46:35 +0000 2020,"‚ÄúIn a 2019 DEA seizure application for BBVA accounts in Tennessee, investigations into a local drug gang determined‚Ä¶ https://t.co/VZPIsSEyJN",1,bbva
Going_Digital30,Sat Oct 17 02:27:46 +0000 2020,Almost 800 hackers will compete in BBVA Hackathon 2020 https://t.co/ZQFk8Un9tI #hackathonbbva,0,bbva
businessnetwor5,Sat Oct 17 02:17:09 +0000 2020,BBVA‚Äôs Rueda to speak at Banking Automation Summit #Banking via https://t.co/uXU6Z01Ol3 https://t.co/6CZmDEn5hq,0,bbva
Bixtra,Sat Oct 17 02:12:21 +0000 2020,"RT @GODRadio1: BBVA is hosting a Virtual Debt Management Workshop on Oct 17 @11am. Check flyer for more details.
#BBVA #FinancialLiteracy #‚Ä¶",0,bbva
411emilio,Sat Oct 17 01:42:25 +0000 2020,RT @bbvaOpenMind: Optical illusions have kept scientists busy trying to work out whether the key to the effect lies in our vision or in our‚Ä¶,0,bbva
shortvolumes,Sat Oct 17 01:36:01 +0000 2020,Short sale volume (not short interest) for $BBD on 2020-10-16 is 53%. https://t.co/bolKnM70B7 $BCH 53% $HSBC 65% $RY 65% $BBVA 39%,0,bbva
SantchiWeb,Sat Oct 17 01:10:53 +0000 2020,RT @ShopperMedia: BBVA‚Äôs Rueda to speak at Banking Automation Summit https://t.co/PIjI4Q7B47 https://t.co/VY8yBs3Qie,0,bbva
ShopperMedia,Sat Oct 17 01:10:03 +0000 2020,BBVA‚Äôs Rueda to speak at Banking Automation Summit https://t.co/PIjI4Q7B47 https://t.co/VY8yBs3Qie,0,bbva
ann_neels,Sat Oct 17 01:09:01 +0000 2020,"RT @over50panther: @Tom_Winter @LincolnsBible @ericgarland ‚ÄúIn a 2019 DEA seizure application for BBVA accounts in Tennessee, investigators‚Ä¶",0,bbva
Lucian2drei,Sat Oct 17 00:52:11 +0000 2020,RT @Finextra: Company announcement: BBVA joins with Swift to test gpi to Faster Payments... https://t.co/HYgUwzzzZN #fintech,0,bbva
over50panther,Sat Oct 17 00:46:03 +0000 2020,"@Tom_Winter @LincolnsBible @ericgarland ‚ÄúIn a 2019 DEA seizure application for BBVA accounts in Tennessee, investig‚Ä¶ https://t.co/UM8nTxTksX",5,bbva
rhbtoday,Sat Oct 17 00:07:01 +0000 2020,"Today In Digital-First Banking: Mizuho Bank, JCB, Fujitsu Will Test Blockchain ID Tech; BBVA ... https://t.co/WALJmV9krw",0,bbva
JobsBeaumontTX,Fri Oct 16 23:05:05 +0000 2020,JOB: Silsbee TX USA - Personal Banker / Silsbee Main Financial Solutions Consultant I - BBVA USA Californ JOBS BEAU‚Ä¶ https://t.co/da9WbPef6w,0,bbva
amicloudy,Fri Oct 16 23:00:10 +0000 2020,"@BBVA_USA i have wasted my entire lunch break being hung up on by the credit card department... fucking awesome guys, thanks.",0,bbva
azatampswfc,Fri Oct 16 22:51:25 +0000 2020,@wfcpryman I would hybrid into a bundesliga or Bbva defence,0,bbva
cliffordanglade,Fri Oct 16 22:43:16 +0000 2020,"@POTUS @robertcobrien @ScottMorrisonMP(Pt10)@Citi,@eBay,@amazon,@Twitter,@bbva,@Microsoft,@Outlook,@SocialSecurity,‚Ä¶ https://t.co/WJ4yzg5bRj",0,bbva
ChartMill,Fri Oct 16 21:37:02 +0000 2020,The technical rating of $BBVA.MC is bad and it also does not present a quality setup at the moment.‚Ä¶ https://t.co/ncxG7deKOo,0,bbva
ChartMill,Fri Oct 16 21:28:03 +0000 2020,The technical rating of $BBVA.MC is bad and it also does not present a quality setup at the moment.‚Ä¶ https://t.co/RUgqMMHCbJ,0,bbva
RiskyCapitalism,Fri Oct 16 21:14:46 +0000 2020,"I'm considering 

Long 1 cent &gt; daily high

$HSBC 
$BDX
$ECL 
$SAN 
$ALL
$ING
$FCAU
$HLT
$PPL
$GDRX
$BBVA 
$MT‚Ä¶ https://t.co/v4G2zg2i6G",0,bbva
BlancaSanjuanbe,Fri Oct 16 21:01:23 +0000 2020,RT @bbvaOpenMind: üå± Nature has always been a source of inspiration for human beings. The race is now on to artificially replicate the photo‚Ä¶,0,bbva
lilyoshi777,Fri Oct 16 21:00:12 +0000 2020,RT @RooseveltMadeit: I like BBVA cause they instant,0,bbva
Fernand34953952,Fri Oct 16 20:53:32 +0000 2020,RT @bbvaOpenMind: üå± Nature has always been a source of inspiration for human beings. The race is now on to artificially replicate the photo‚Ä¶,0,bbva
jewbtastic,Fri Oct 16 20:45:36 +0000 2020,"@gnarly_rae The post office I understand, but what did the bbva do",1,bbva
Mystic__SI,Fri Oct 16 20:44:55 +0000 2020,RT @wfootballers: LIGA BBVA ? Ozil leaves Werder Bremen | drkid.net http://ow.ly/19cZJ7,0,bbva
GalvanHomes,Fri Oct 16 20:37:08 +0000 2020,"Stunning Luxury Rental with a gorgeous view! https://t.co/ZsZHe5HYxt
#BBVA",0,bbva
ElWeydelaMoto,Fri Oct 16 20:02:54 +0000 2020,@BBVARe_mx @gaby_cam @bbva Gaby.... https://t.co/E09OvjrFWb,1,bbva
bbvaOpenMind,Fri Oct 16 20:00:15 +0000 2020,üå± Nature has always been a source of inspiration for human beings. The race is now on to artificially replicate the‚Ä¶ https://t.co/L5EwhS5Ekk,2,bbva
42Stocks,Fri Oct 16 19:58:13 +0000 2020,"https://t.co/WoXPkQDQMm

2020-OCT-16 3:55pm
$BBAR Banco BBVA Argentina S.A ADS up 7.44% = $87.9 million gain. At $1‚Ä¶ https://t.co/u9e9uIKJQu",0,bbva
wallabycard,Fri Oct 16 19:46:27 +0000 2020,"Today In Digital-First Banking: Mizuho Bank, JCB, Fujitsu Will Test Blockchain ID Tech; BBVA Takes Part In UK Ins... https://t.co/LWBJ7Pn32A",0,bbva
ANT159694954,Fri Oct 16 19:29:08 +0000 2020,"https://t.co/KidVB7PjM5
WONDER HOW THE HELPING SWIFT ?? BBVA WAS USING RIPPLE ??
April 2017, Ripple announced that‚Ä¶ https://t.co/cGpJi22Ezf",1,bbva
McClain_on_NFL,Fri Oct 16 19:29:05 +0000 2020,"RT @HoustonChron: BBVA‚Äôs Rosilyn Houston on growth, mentoring and impact https://t.co/2mfJ7KsZfr",0,bbva
e_nterdiscipl,Fri Oct 16 19:22:15 +0000 2020,RT @garypalmerjr: BBVA Participates In Pilot For Instant Payments In Britain https://t.co/7mupPzkxic | #Payments #Technology #FinTech #Busi‚Ä¶,0,bbva
garypalmerjr,Fri Oct 16 19:21:16 +0000 2020,BBVA Participates In Pilot For Instant Payments In Britain https://t.co/7mupPzkxic | #Payments #Technology #FinTech‚Ä¶ https://t.co/eSU5PDtbOw,1,bbva
AnilSha38998482,Fri Oct 16 19:07:03 +0000 2020,BBVA‚Äôs Rueda to speak at Banking Automation Summit https://t.co/5HQBTXweCe https://t.co/W758OcFvLN,0,bbva
hot_eaa,Fri Oct 16 18:58:58 +0000 2020,@bbva has good news for #Fleet shoppers https://t.co/quvtnwMO8G,0,bbva
A_Lusardi,Fri Oct 16 18:48:32 +0000 2020,RT @bbvaedufin: üìπ5 Fundamental Concepts Behind Financial Planning https://t.co/lvYC2ws8DE via @A_Lusardi,0,bbva
BigDaddyTxMx,Fri Oct 16 18:45:21 +0000 2020,"Hoy estuve at BBVA stadium checking sound and lights..
#Savage https://t.co/d45J5hVhqN",0,bbva
BBVAMomentum,Fri Oct 16 18:30:20 +0000 2020,üå±The current environment is conducive for impact entrepreneurs to make a societal difference by alleviating the pro‚Ä¶ https://t.co/uryfidAnas,0,bbva
Fernand34953952,Fri Oct 16 18:30:13 +0000 2020,"RT @bbvaOpenMind: Microplastics can now be found on land, in our oceans, and even in the air we breathe. üò± We talk about the natural allies‚Ä¶",0,bbva
paymentsjournal,Fri Oct 16 18:30:03 +0000 2020,"Since the onset of various #RTP systems being launched on a regular basis across various global markets, there were‚Ä¶ https://t.co/bMy9HqAxBQ",0,bbva
HoustonChron,Fri Oct 16 18:29:20 +0000 2020,"BBVA‚Äôs Rosilyn Houston on growth, mentoring and impact https://t.co/2mfJ7KsZfr",2,bbva
RPAutomation,Fri Oct 16 18:27:38 +0000 2020,"BBVA's Rueda to speak at Banking Automation Summit - https://t.co/kADHTb4QWm #IntelligentRPA 
https://t.co/1YfsuEvOep",0,bbva
KikeFinanzas,Fri Oct 16 18:21:40 +0000 2020,RT @alvaroortiz1968: A pleasure to share our Big Data job at the ECB workshop on High Frequency Data... and now with you !!! We will contin‚Ä¶,0,bbva
themoneycloud,Fri Oct 16 18:16:49 +0000 2020,BBVA‚Äôs Rueda to speak at Banking Automation¬†Summit https://t.co/g9nDvjqy4r,0,bbva
ILoveBooks786,Fri Oct 16 18:10:02 +0000 2020,RT @Finextra: Company announcement: Almost 800 coders will compete in BBVA 2020 hackathon https://t.co/qLJZKfy2bj #fintech,0,bbva
LianLi53108135,Fri Oct 16 18:06:01 +0000 2020,"RT @bbvaOpenMind: Microplastics can now be found on land, in our oceans, and even in the air we breathe. üò± We talk about the natural allies‚Ä¶",0,bbva
Morrie2019,Fri Oct 16 17:52:06 +0000 2020,"RT @File411: USA v $617,524.24 fr BBVA Compass Bank Account XXX in the Name of Francisco Ley Tan
2017n- a Grand Jury returned a superseding‚Ä¶",0,bbva
techtrendingnow,Fri Oct 16 17:45:38 +0000 2020,"RT @SaeedBaygi: Today In Digital-First #Banking: Mizuho #Bank, JCB, Fujitsu Will Test #Blockchain ID #Tech; BBVA Takes Part In UK Instant P‚Ä¶",0,bbva
SaeedBaygi,Fri Oct 16 17:45:33 +0000 2020,"Today In Digital-First #Banking: Mizuho #Bank, JCB, Fujitsu Will Test #Blockchain ID #Tech; BBVA Takes Part In UK I‚Ä¶ https://t.co/ykOc1VJsSH",0,bbva
ecology_tweets,Fri Oct 16 17:40:20 +0000 2020,"RT @bbvaOpenMind: Microplastics can now be found on land, in our oceans, and even in the air we breathe. üò± We talk about the natural allies‚Ä¶",0,bbva
Future_Assetmgt,Fri Oct 16 17:36:01 +0000 2020,BBVA Pilots SWIFT gpi Integration into UK‚Äôs FPS Infrastructure https://t.co/OEQ9ZId3gG #wealthtech #regtech,0,bbva
bbvaOpenMind,Fri Oct 16 17:30:26 +0000 2020,"Microplastics can now be found on land, in our oceans, and even in the air we breathe. üò± We talk about the natural‚Ä¶ https://t.co/RnvRHjHVEJ",2,bbva
42Stocks,Fri Oct 16 19:58:13 +0000 2020,"https://t.co/WoXPkQDQMm

2020-OCT-16 3:55pm
$BBAR Banco BBVA Argentina S.A ADS up 7.44% = $87.9 million gain. At $1‚Ä¶ https://t.co/u9e9uIKJQu",0,BBVA banco
EdgarInsider,Wed Oct 14 15:18:59 +0000 2020,A new filing Form 6-K  has been made at the SEC by  $BBAR Banco BBVA Argentina S.A  https://t.co/yFgvuoCrGN,0,BBVA banco
unav_exed,Wed Oct 14 09:10:35 +0000 2020,"RT @careerunav: EMPRESAS:
Nfoque, Deloitte, Bain Company, EY, Kearny, Abante Asesores, KPMG, Global Praxis, Oliver Wyman, PWC, Banca March,‚Ä¶",0,BBVA banco
RobertoCabezasR,Wed Oct 14 07:48:49 +0000 2020,"RT @careerunav: EMPRESAS:
Nfoque, Deloitte, Bain Company, EY, Kearny, Abante Asesores, KPMG, Global Praxis, Oliver Wyman, PWC, Banca March,‚Ä¶",0,BBVA banco
tecnun,Wed Oct 14 07:35:37 +0000 2020,"RT @careerunav: EMPRESAS:
Nfoque, Deloitte, Bain Company, EY, Kearny, Abante Asesores, KPMG, Global Praxis, Oliver Wyman, PWC, Banca March,‚Ä¶",0,BBVA banco
careerunav,Wed Oct 14 07:20:41 +0000 2020,"EMPRESAS:
Nfoque, Deloitte, Bain Company, EY, Kearny, Abante Asesores, KPMG, Global Praxis, Oliver Wyman, PWC, Banc‚Ä¶ https://t.co/rE5SejS0vS",3,BBVA banco
ZolmaxNews,Sat Oct 10 12:30:43 +0000 2020,Banco Bilbao Vizcaya Argentaria $BBVA Upgraded to Hold at Zacks Investment Research https://t.co/FBbI6SG0wc,0,BBVA banco
EnterpriseLeade,Sat Oct 10 11:55:38 +0000 2020,Banco Bilbao Vizcaya Argentaria $BBVA Upgraded to Hold at Zacks Investment Research  https://t.co/tjpbSc7mPd,0,BBVA banco
SmoothD64,Sat Oct 17 19:00:42 +0000 2020,"RT @over50panther: @911CORLEBRA777 Amazing thread! Two odd location details: Chinese National, Tao Liu, had VIP pass at Wheeling, West Virg‚Ä¶",0,bbva
AllenAC009,Sat Oct 17 18:51:08 +0000 2020,"RT @HouSymphony: Hear Grieg's mysterious ""In the Hall of the Mountain King,"" performed by Rob Johnson, associate principal horn, then join‚Ä¶",0,bbva
InteSystemsNsk,Sat Oct 17 18:32:42 +0000 2020,"Xerox: From 40 minutes down to 10, that's how much faster BBVA made onboarding when it started using Xerox Capture‚Ä¶ https://t.co/Extc3g1N8e",0,bbva
HouSymphony,Sat Oct 17 18:30:00 +0000 2020,"Hear Grieg's mysterious ""In the Hall of the Mountain King,"" performed by Rob Johnson, associate principal horn, the‚Ä¶ https://t.co/9oDv9YzIBD",4,bbva
mbluetyphoon,Sat Oct 17 18:28:15 +0000 2020,"RT @over50panther: @911CORLEBRA777 Amazing thread! Two odd location details: Chinese National, Tao Liu, had VIP pass at Wheeling, West Virg‚Ä¶",0,bbva
Xerox,Sat Oct 17 18:15:18 +0000 2020,"From 40 minutes down to 10, that's how much faster BBVA made onboarding when it started using Xerox Capture &amp; Conte‚Ä¶ https://t.co/1Dv4oRHDQb",0,bbva
Fernand34953952,Sat Oct 17 18:13:34 +0000 2020,RT @bbvaOpenMind: .@SustainHistory gives neurophilosophical perspectives and multi-disciplinary analyses on topics related to power and pol‚Ä¶,0,bbva
rManoj1984,Sat Oct 17 18:11:15 +0000 2020,"RT @abhibheem: #Cashaa is one of #KPMG top 50 emerging fintech company
top 3 finalists if #bbva open talent
Top 3 finalists #Maltablockchai‚Ä¶",0,bbva
bbvaOpenMind,Sat Oct 17 18:00:27 +0000 2020,.@SustainHistory gives neurophilosophical perspectives and multi-disciplinary analyses on topics related to power a‚Ä¶ https://t.co/6CM0lEhHpb,1,bbva
vocalginge,Sat Oct 17 17:45:37 +0000 2020,"@evoterra I‚Äôm with BBVA for now. Free biz checking, a few other things. Local branches.",0,bbva
Breanna1541,Sat Oct 17 17:40:14 +0000 2020,@BBVA_USA you all are crooks...,0,bbva
CandaceBushSmi1,Sat Oct 17 17:37:54 +0000 2020,"Watching attempted cattle rustlers supporting abduction &amp; piracy. ‚úã

That's why I chose @BBVA_USA across street fro‚Ä¶ https://t.co/In4LvrfeNC",0,bbva
bbvaedufin,Sat Oct 17 17:30:33 +0000 2020,#Goodpractices selected by #BBVAEdufin üëâüèº@villagecapital in global collaboration with @MetLife Foundation and‚Ä¶ https://t.co/GRb1tC3tBU,0,bbva
johnnyswhere,Sat Oct 17 17:27:39 +0000 2020,"My sports world has taken a dump on me.
@RiverhoundsSC are out, @FulhamFC look lost in the premiership, and‚Ä¶ https://t.co/1xoIFPwPnG",0,bbva
Breanna1541,Sat Oct 17 17:25:09 +0000 2020,@ Bbva y‚Äôall bitches take people money. Crooks,0,bbva
actuallyreal33,Sat Oct 17 17:20:03 +0000 2020,"RT @over50panther: @911CORLEBRA777 Amazing thread! Two odd location details: Chinese National, Tao Liu, had VIP pass at Wheeling, West Virg‚Ä¶",0,bbva
bbva,Sat Oct 17 17:18:06 +0000 2020,üìö A higher level of financial education in African American communities in the U.S. translates into higher economic‚Ä¶ https://t.co/sWFQz0YTtT,1,bbva
Valerie21610251,Sat Oct 17 15:49:45 +0000 2020,@UNEP_FI @ABNAMRO @Allianz @avivaplc @AXA @Bank_OfAfrica @Barclays @bbva @blackrock @Citi @MoodysCorp @natixis‚Ä¶ https://t.co/IlvJktjX6h,0,bbva
Valerie21610251,Sat Oct 17 15:48:26 +0000 2020,@UNEP_FI @Allianz @ABNAMRO @avivaplc @AXA @Bank_OfAfrica @Barclays @bbva @blackrock @Citi @MoodysCorp @natixis‚Ä¶ https://t.co/EROTnTChV3,0,bbva
GlowGirlGlobal,Sat Oct 17 15:13:14 +0000 2020,"#FittingStatements KLIENT of the WEEK goes to Umeka Johnson Hart, VP of Banking @ BBVA, who knows what it means to‚Ä¶ https://t.co/33bnYfvqdU",0,bbva
GODRadio1,Sat Oct 17 15:05:09 +0000 2020,"BBVA is hosting a Virtual Debt Management Workshop on Oct 17 @11am. Check flyer for more details.
#BBVA‚Ä¶ https://t.co/HncFkiwyIm",0,bbva
SSXman2,Sat Oct 17 14:45:41 +0000 2020,"RT @stratorob: Here our overview of the Top 50 Digital Banks. Congrats to all. https://t.co/qxfSs4koLw 

@americanexpress @bni @banesco @it‚Ä¶",0,bbva
SSXman2,Sat Oct 17 14:43:33 +0000 2020,"RT @stratorob: Here our overview of the Top 30 Digital Banks. Congrats to all. https://t.co/hYekAvBdV2 

@americanexpress @bni @banesco @it‚Ä¶",0,bbva
SSXman2,Sat Oct 17 14:42:37 +0000 2020,"RT @stratorob: Here our overview of the Top 10 Digital Banks. Congrats to all. https://t.co/p2dKz9R2S2 

@americanexpress @bni @banesco @it‚Ä¶",0,bbva
financesfriends,Sat Oct 17 14:30:00 +0000 2020,Don't let changing interest rates deter you from keeping your emergency fund accessible and at hand. Just the other‚Ä¶ https://t.co/699cudJqk3,2,bbva
nitanan1,Sat Oct 17 14:29:45 +0000 2020,"RT @over50panther: @911CORLEBRA777 Amazing thread! Two odd location details: Chinese National, Tao Liu, had VIP pass at Wheeling, West Virg‚Ä¶",0,bbva
cliffordanglade,Sat Oct 17 14:25:50 +0000 2020,"@JuddPDeere45 @cyber @ScottMorrisonMP(Pt10)@Citi,@eBay,@amazon,@Twitter,@bbva,@Microsoft,@Outlook,@SocialSecurity,‚Ä¶ https://t.co/VixcB2DCG2",0,bbva
jacnicolegarcia,Sat Oct 17 14:22:12 +0000 2020,My experience with @BBVA_USA has sucked so bad I‚Äôll just stick with Wells Fargo or switch to Chime ü§¶üèª‚Äç‚ôÄÔ∏èü§¶üèª‚Äç‚ôÄÔ∏è,0,bbva
RickVargas82,Sat Oct 17 14:19:51 +0000 2020,"Someone tried frauding my account yesterday smh, I was mad at @bbva for locking my card, but it was for my protecti‚Ä¶ https://t.co/8xvoNWuUeO",0,bbva
over50panther,Sat Oct 17 14:16:04 +0000 2020,"@911CORLEBRA777 Amazing thread! Two odd location details: Chinese National, Tao Liu, had VIP pass at Wheeling, West‚Ä¶ https://t.co/rRtzGC0AaK",13,bbva
Kimo_1z,Sat Oct 17 13:57:32 +0000 2020,@BaffyDaPundit Me not knowing the coach for gatefe doesn‚Äôt change the quality of the liga bbva. I don‚Äôt know the coach for Brighton either,0,bbva
shortvolumes,Sat Oct 17 11:18:01 +0000 2020,Short sale vol (not short interest) for $SAN on 2020-10-16 is 48%. https://t.co/ng9JXdFIv4 $BSAC 78% $BSMX 71% $BBVA 39% $ITUB 72%,0,bbva
CTMfile,Sat Oct 17 11:05:39 +0000 2020,RT @CTMfile: Industry roundup: 16 October: #SWIFTgpi #BusinessBanking #TradeFinance @bbva @DeutscheBank @network_polo #BBVA #DeutscheBank #‚Ä¶,0,bbva
angeldelmu,Sat Oct 17 10:19:56 +0000 2020,"RT @pacsta11: Top story: Hackathon BBVA 2020 - Live https://t.co/Ixh8ZGu3mz, see more https://t.co/YzHWBJmhXU",0,bbva
pacsta11,Sat Oct 17 10:17:00 +0000 2020,"Top story: Hackathon BBVA 2020 - Live https://t.co/Ixh8ZGu3mz, see more https://t.co/YzHWBJmhXU",1,bbva
bbvaedufin,Sat Oct 17 10:00:17 +0000 2020,üìî New study selected by #BBVAEduFin üëâüèºIt‚Äôs Time to Tie Bank Profits to Customers‚Äô Financial Health by‚Ä¶ https://t.co/YjUFVzZ3I8,1,bbva
alvaroortiz1968,Sat Oct 17 09:33:15 +0000 2020,Turkey¬¥s GDP : Going and going ... Turkey¬¥s CBRT Survey of Expectations (the most reliable) upgrade again GDP expec‚Ä¶ https://t.co/mmKm01kfEn,12,bbva
BenotGaudet1,Sat Oct 17 09:18:14 +0000 2020,"RT @abhibheem: #Cashaa is one of #KPMG top 50 emerging fintech company
top 3 finalists if #bbva open talent
Top 3 finalists #Maltablockchai‚Ä¶",0,bbva
BBVAInnovation,Sat Oct 17 08:28:13 +0000 2020,RT @Finextra: Company announcement: Almost 800 coders will compete in BBVA 2020 hackathon https://t.co/qLJZKfy2bj #fintech,0,bbva
jimenayolanda,Sat Oct 17 08:03:59 +0000 2020,"RT @BBVAPrensa: üîà The #HackathonBBVA 2020 has attracted a total of 3,544 candidates so far, of which 792 made the final cut. From Oct.16-18‚Ä¶",0,bbva
MirandaMish,Sat Oct 17 07:40:56 +0000 2020,@Soyfurrr Bancomer @BBVA_Mex,0,bbva
CamFinTechUru,Sat Oct 17 07:39:04 +0000 2020,BBVA‚Äôs Rueda to speak at Banking Automation Summit https://t.co/VNm90lhzBk https://t.co/HNI1E2H2KY,0,bbva
_Data_Science,Sat Oct 17 07:26:05 +0000 2020,BBVA‚Äôs Rueda to speak at Banking Automation Summit https://t.co/DWcxYdAwMT,0,bbva
dhfull50,Sat Oct 17 06:32:54 +0000 2020,"RT @over50panther: @Tom_Winter @LincolnsBible @ericgarland ‚ÄúIn a 2019 DEA seizure application for BBVA accounts in Tennessee, investigators‚Ä¶",0,bbva
StationDynamo,Sat Oct 17 04:17:13 +0000 2020,Wow. A lot to unpack here...so I think I‚Äôm going to hold judgement until I see a better photo but a crest change ai‚Ä¶ https://t.co/H1Y11PfYx8,11,bbva
cliffordanglade,Sat Oct 17 04:13:24 +0000 2020,"@MarkMeadows @FBIWFO @ScottMorrisonMP(Pt10)@Citi,@eBay,@amazon,@Twitter,@bbva,@Microsoft,@Outlook,@SocialSecurity,‚Ä¶ https://t.co/R3oAENLHJ4",0,bbva
GODRadio1,Sat Oct 17 04:08:37 +0000 2020,Now Playing BBVA Financial Literacy Series - BBVA Financial Literacy Series,0,bbva
abhibheem,Sat Oct 17 04:01:33 +0000 2020,"#Cashaa is one of #KPMG top 50 emerging fintech company
top 3 finalists if #bbva open talent
Top 3 finalists‚Ä¶ https://t.co/0pfv7nVOki",2,bbva
LiveFree_76,Sat Oct 17 03:46:35 +0000 2020,"‚ÄúIn a 2019 DEA seizure application for BBVA accounts in Tennessee, investigations into a local drug gang determined‚Ä¶ https://t.co/VZPIsSEyJN",1,bbva
Going_Digital30,Sat Oct 17 02:27:46 +0000 2020,Almost 800 hackers will compete in BBVA Hackathon 2020 https://t.co/ZQFk8Un9tI #hackathonbbva,0,bbva
businessnetwor5,Sat Oct 17 02:17:09 +0000 2020,BBVA‚Äôs Rueda to speak at Banking Automation Summit #Banking via https://t.co/uXU6Z01Ol3 https://t.co/6CZmDEn5hq,0,bbva
Bixtra,Sat Oct 17 02:12:21 +0000 2020,"RT @GODRadio1: BBVA is hosting a Virtual Debt Management Workshop on Oct 17 @11am. Check flyer for more details.
#BBVA #FinancialLiteracy #‚Ä¶",0,bbva
411emilio,Sat Oct 17 01:42:25 +0000 2020,RT @bbvaOpenMind: Optical illusions have kept scientists busy trying to work out whether the key to the effect lies in our vision or in our‚Ä¶,0,bbva
shortvolumes,Sat Oct 17 01:36:01 +0000 2020,Short sale volume (not short interest) for $BBD on 2020-10-16 is 53%. https://t.co/bolKnM70B7 $BCH 53% $HSBC 65% $RY 65% $BBVA 39%,0,bbva
SantchiWeb,Sat Oct 17 01:10:53 +0000 2020,RT @ShopperMedia: BBVA‚Äôs Rueda to speak at Banking Automation Summit https://t.co/PIjI4Q7B47 https://t.co/VY8yBs3Qie,0,bbva
ShopperMedia,Sat Oct 17 01:10:03 +0000 2020,BBVA‚Äôs Rueda to speak at Banking Automation Summit https://t.co/PIjI4Q7B47 https://t.co/VY8yBs3Qie,0,bbva
ann_neels,Sat Oct 17 01:09:01 +0000 2020,"RT @over50panther: @Tom_Winter @LincolnsBible @ericgarland ‚ÄúIn a 2019 DEA seizure application for BBVA accounts in Tennessee, investigators‚Ä¶",0,bbva
Lucian2drei,Sat Oct 17 00:52:11 +0000 2020,RT @Finextra: Company announcement: BBVA joins with Swift to test gpi to Faster Payments... https://t.co/HYgUwzzzZN #fintech,0,bbva
over50panther,Sat Oct 17 00:46:03 +0000 2020,"@Tom_Winter @LincolnsBible @ericgarland ‚ÄúIn a 2019 DEA seizure application for BBVA accounts in Tennessee, investig‚Ä¶ https://t.co/UM8nTxTksX",5,bbva
rhbtoday,Sat Oct 17 00:07:01 +0000 2020,"Today In Digital-First Banking: Mizuho Bank, JCB, Fujitsu Will Test Blockchain ID Tech; BBVA ... https://t.co/WALJmV9krw",0,bbva
JobsBeaumontTX,Fri Oct 16 23:05:05 +0000 2020,JOB: Silsbee TX USA - Personal Banker / Silsbee Main Financial Solutions Consultant I - BBVA USA Californ JOBS BEAU‚Ä¶ https://t.co/da9WbPef6w,0,bbva
amicloudy,Fri Oct 16 23:00:10 +0000 2020,"@BBVA_USA i have wasted my entire lunch break being hung up on by the credit card department... fucking awesome guys, thanks.",0,bbva
azatampswfc,Fri Oct 16 22:51:25 +0000 2020,@wfcpryman I would hybrid into a bundesliga or Bbva defence,0,bbva
cliffordanglade,Fri Oct 16 22:43:16 +0000 2020,"@POTUS @robertcobrien @ScottMorrisonMP(Pt10)@Citi,@eBay,@amazon,@Twitter,@bbva,@Microsoft,@Outlook,@SocialSecurity,‚Ä¶ https://t.co/WJ4yzg5bRj",0,bbva
ChartMill,Fri Oct 16 21:37:02 +0000 2020,The technical rating of $BBVA.MC is bad and it also does not present a quality setup at the moment.‚Ä¶ https://t.co/ncxG7deKOo,0,bbva
ChartMill,Fri Oct 16 21:28:03 +0000 2020,The technical rating of $BBVA.MC is bad and it also does not present a quality setup at the moment.‚Ä¶ https://t.co/RUgqMMHCbJ,0,bbva
RiskyCapitalism,Fri Oct 16 21:14:46 +0000 2020,"I'm considering 

Long 1 cent &gt; daily high

$HSBC 
$BDX
$ECL 
$SAN 
$ALL
$ING
$FCAU
$HLT
$PPL
$GDRX
$BBVA 
$MT‚Ä¶ https://t.co/v4G2zg2i6G",0,bbva
BlancaSanjuanbe,Fri Oct 16 21:01:23 +0000 2020,RT @bbvaOpenMind: üå± Nature has always been a source of inspiration for human beings. The race is now on to artificially replicate the photo‚Ä¶,0,bbva
lilyoshi777,Fri Oct 16 21:00:12 +0000 2020,RT @RooseveltMadeit: I like BBVA cause they instant,0,bbva
Fernand34953952,Fri Oct 16 20:53:32 +0000 2020,RT @bbvaOpenMind: üå± Nature has always been a source of inspiration for human beings. The race is now on to artificially replicate the photo‚Ä¶,0,bbva
jewbtastic,Fri Oct 16 20:45:36 +0000 2020,"@gnarly_rae The post office I understand, but what did the bbva do",1,bbva
Mystic__SI,Fri Oct 16 20:44:55 +0000 2020,RT @wfootballers: LIGA BBVA ? Ozil leaves Werder Bremen | drkid.net http://ow.ly/19cZJ7,0,bbva
GalvanHomes,Fri Oct 16 20:37:08 +0000 2020,"Stunning Luxury Rental with a gorgeous view! https://t.co/ZsZHe5HYxt
#BBVA",0,bbva
ElWeydelaMoto,Fri Oct 16 20:02:54 +0000 2020,@BBVARe_mx @gaby_cam @bbva Gaby.... https://t.co/E09OvjrFWb,1,bbva
bbvaOpenMind,Fri Oct 16 20:00:15 +0000 2020,üå± Nature has always been a source of inspiration for human beings. The race is now on to artificially replicate the‚Ä¶ https://t.co/L5EwhS5Ekk,2,bbva
42Stocks,Fri Oct 16 19:58:13 +0000 2020,"https://t.co/WoXPkQDQMm

2020-OCT-16 3:55pm
$BBAR Banco BBVA Argentina S.A ADS up 7.44% = $87.9 million gain. At $1‚Ä¶ https://t.co/u9e9uIKJQu",0,bbva
wallabycard,Fri Oct 16 19:46:27 +0000 2020,"Today In Digital-First Banking: Mizuho Bank, JCB, Fujitsu Will Test Blockchain ID Tech; BBVA Takes Part In UK Ins... https://t.co/LWBJ7Pn32A",0,bbva
ANT159694954,Fri Oct 16 19:29:08 +0000 2020,"https://t.co/KidVB7PjM5
WONDER HOW THE HELPING SWIFT ?? BBVA WAS USING RIPPLE ??
April 2017, Ripple announced that‚Ä¶ https://t.co/cGpJi22Ezf",1,bbva
McClain_on_NFL,Fri Oct 16 19:29:05 +0000 2020,"RT @HoustonChron: BBVA‚Äôs Rosilyn Houston on growth, mentoring and impact https://t.co/2mfJ7KsZfr",0,bbva
e_nterdiscipl,Fri Oct 16 19:22:15 +0000 2020,RT @garypalmerjr: BBVA Participates In Pilot For Instant Payments In Britain https://t.co/7mupPzkxic | #Payments #Technology #FinTech #Busi‚Ä¶,0,bbva
garypalmerjr,Fri Oct 16 19:21:16 +0000 2020,BBVA Participates In Pilot For Instant Payments In Britain https://t.co/7mupPzkxic | #Payments #Technology #FinTech‚Ä¶ https://t.co/eSU5PDtbOw,1,bbva
AnilSha38998482,Fri Oct 16 19:07:03 +0000 2020,BBVA‚Äôs Rueda to speak at Banking Automation Summit https://t.co/5HQBTXweCe https://t.co/W758OcFvLN,0,bbva
hot_eaa,Fri Oct 16 18:58:58 +0000 2020,@bbva has good news for #Fleet shoppers https://t.co/quvtnwMO8G,0,bbva
A_Lusardi,Fri Oct 16 18:48:32 +0000 2020,RT @bbvaedufin: üìπ5 Fundamental Concepts Behind Financial Planning https://t.co/lvYC2ws8DE via @A_Lusardi,0,bbva
BigDaddyTxMx,Fri Oct 16 18:45:21 +0000 2020,"Hoy estuve at BBVA stadium checking sound and lights..
#Savage https://t.co/d45J5hVhqN",0,bbva
BBVAMomentum,Fri Oct 16 18:30:20 +0000 2020,üå±The current environment is conducive for impact entrepreneurs to make a societal difference by alleviating the pro‚Ä¶ https://t.co/uryfidAnas,0,bbva
Fernand34953952,Fri Oct 16 18:30:13 +0000 2020,"RT @bbvaOpenMind: Microplastics can now be found on land, in our oceans, and even in the air we breathe. üò± We talk about the natural allies‚Ä¶",0,bbva
paymentsjournal,Fri Oct 16 18:30:03 +0000 2020,"Since the onset of various #RTP systems being launched on a regular basis across various global markets, there were‚Ä¶ https://t.co/bMy9HqAxBQ",0,bbva
HoustonChron,Fri Oct 16 18:29:20 +0000 2020,"BBVA‚Äôs Rosilyn Houston on growth, mentoring and impact https://t.co/2mfJ7KsZfr",2,bbva
RPAutomation,Fri Oct 16 18:27:38 +0000 2020,"BBVA's Rueda to speak at Banking Automation Summit - https://t.co/kADHTb4QWm #IntelligentRPA 
https://t.co/1YfsuEvOep",0,bbva
KikeFinanzas,Fri Oct 16 18:21:40 +0000 2020,RT @alvaroortiz1968: A pleasure to share our Big Data job at the ECB workshop on High Frequency Data... and now with you !!! We will contin‚Ä¶,0,bbva
themoneycloud,Fri Oct 16 18:16:49 +0000 2020,BBVA‚Äôs Rueda to speak at Banking Automation¬†Summit https://t.co/g9nDvjqy4r,0,bbva
ILoveBooks786,Fri Oct 16 18:10:02 +0000 2020,RT @Finextra: Company announcement: Almost 800 coders will compete in BBVA 2020 hackathon https://t.co/qLJZKfy2bj #fintech,0,bbva
LianLi53108135,Fri Oct 16 18:06:01 +0000 2020,"RT @bbvaOpenMind: Microplastics can now be found on land, in our oceans, and even in the air we breathe. üò± We talk about the natural allies‚Ä¶",0,bbva
Morrie2019,Fri Oct 16 17:52:06 +0000 2020,"RT @File411: USA v $617,524.24 fr BBVA Compass Bank Account XXX in the Name of Francisco Ley Tan
2017n- a Grand Jury returned a superseding‚Ä¶",0,bbva
techtrendingnow,Fri Oct 16 17:45:38 +0000 2020,"RT @SaeedBaygi: Today In Digital-First #Banking: Mizuho #Bank, JCB, Fujitsu Will Test #Blockchain ID #Tech; BBVA Takes Part In UK Instant P‚Ä¶",0,bbva
SaeedBaygi,Fri Oct 16 17:45:33 +0000 2020,"Today In Digital-First #Banking: Mizuho #Bank, JCB, Fujitsu Will Test #Blockchain ID #Tech; BBVA Takes Part In UK I‚Ä¶ https://t.co/ykOc1VJsSH",0,bbva
ecology_tweets,Fri Oct 16 17:40:20 +0000 2020,"RT @bbvaOpenMind: Microplastics can now be found on land, in our oceans, and even in the air we breathe. üò± We talk about the natural allies‚Ä¶",0,bbva
Future_Assetmgt,Fri Oct 16 17:36:01 +0000 2020,BBVA Pilots SWIFT gpi Integration into UK‚Äôs FPS Infrastructure https://t.co/OEQ9ZId3gG #wealthtech #regtech,0,bbva
bbvaOpenMind,Fri Oct 16 17:30:26 +0000 2020,"Microplastics can now be found on land, in our oceans, and even in the air we breathe. üò± We talk about the natural‚Ä¶ https://t.co/RnvRHjHVEJ",2,bbva
johnnyswhere,Sat Oct 17 17:27:39 +0000 2020,"My sports world has taken a dump on me.
@RiverhoundsSC are out, @FulhamFC look lost in the premiership, and‚Ä¶ https://t.co/1xoIFPwPnG",0,BBVA World
Fernand34953952,Fri Oct 16 15:33:39 +0000 2020,RT @bbvaOpenMind: The fourth revolution involves the introduction of robots and #AI ü§ñ into the world of work and the polarisation of employ‚Ä¶,0,BBVA World
bbvaOpenMind,Fri Oct 16 15:00:45 +0000 2020,The fourth revolution involves the introduction of robots and #AI ü§ñ into the world of work and the polarisation of‚Ä¶ https://t.co/3mSG2TlG0L,1,BBVA World
411emilio,Fri Oct 16 00:51:49 +0000 2020,RT @bbvaOpenMind: The World Health Organization (@WHO) has coined the word ‚Äúinfodemic‚Äù to describe modernity‚Äôs epidemic of false informatio‚Ä¶,0,BBVA World
bbvaOpenMind,Thu Oct 15 20:00:39 +0000 2020,The World Health Organization (@WHO) has coined the word ‚Äúinfodemic‚Äù to describe modernity‚Äôs epidemic of false info‚Ä¶ https://t.co/DJqUiSg5Og,2,BBVA World
fl0rinb,Thu Oct 15 05:01:12 +0000 2020,The end of physical cards? BBVA launches ‚ÄòAqua‚Äô to lead the digital revolution in payments due to the pandemic ‚Äì Wo‚Ä¶ https://t.co/RPEiUa5M8K,0,BBVA World
Fernand34953952,Wed Oct 14 18:58:36 +0000 2020,RT @bbvaOpenMind: üì¢ The rise of #populism around the world üåç is a symptom of the current social fracture. This is caused by the insecurity‚Ä¶,0,BBVA World
Yamil_Cham,Wed Oct 14 18:41:45 +0000 2020,RT @bbvaOpenMind: üì¢ The rise of #populism around the world üåç is a symptom of the current social fracture. This is caused by the insecurity‚Ä¶,0,BBVA World
bbvaOpenMind,Wed Oct 14 18:30:19 +0000 2020,üì¢ The rise of #populism around the world üåç is a symptom of the current social fracture. This is caused by the insec‚Ä¶ https://t.co/scIixE4ggT,1,BBVA World
PedroRLopezGar1,Wed Oct 14 12:57:49 +0000 2020,üè† #COVID19 may well have been the ultimate catalyst of the Internet of Things #IoTT). Connected solutions are provi‚Ä¶ https://t.co/kSUAfoN8pq,0,BBVA World
411emilio,Wed Oct 14 00:42:28 +0000 2020,RT @bbvaOpenMind: A single contact of a human with an animal caused the first infection of the coronavirus SARS-CoV-2. ü¶á ü¶† How should our r‚Ä¶,0,BBVA World
Fernand34953952,Tue Oct 13 22:07:43 +0000 2020,RT @bbvaOpenMind: A single contact of a human with an animal caused the first infection of the coronavirus SARS-CoV-2. ü¶á ü¶† How should our r‚Ä¶,0,BBVA World
Fernand34953952,Tue Oct 13 22:07:30 +0000 2020,"RT @bbvaOpenMind: Modern #science was a revolution that changed our way of seeing the world and the universe, and how human knowledge works‚Ä¶",0,BBVA World
bbvaOpenMind,Tue Oct 13 21:30:23 +0000 2020,A single contact of a human with an animal caused the first infection of the coronavirus SARS-CoV-2. ü¶á ü¶† How should‚Ä¶ https://t.co/2it9L3j568,1,BBVA World
janicepaulma,Tue Oct 13 18:16:59 +0000 2020,"https://t.co/09Z5u0HHHq ""Need Cash Quick? Get Up To $10,000 Now. Email dated 4/24/17.
livery
*reloading-""(Gruppo In‚Ä¶ https://t.co/eWIsvxxpl4",0,BBVA World
bbvaOpenMind,Tue Oct 13 18:15:07 +0000 2020,"Modern #science was a revolution that changed our way of seeing the world and the universe, and how human knowledge‚Ä¶ https://t.co/PtyaiDTWb7",4,BBVA World
BBVAMomentum,Tue Oct 13 14:30:16 +0000 2020,No other rich-world country is experiencing the same rise in entrepreneurship‚¨Ü The number of new businesses in Amer‚Ä¶ https://t.co/JjNUIYWU5f,0,BBVA World
BBVA_USA,Mon Oct 12 14:00:12 +0000 2020,üí∞ Want to learn how to grow your money? Check out our MoneyFit article for real-world savings strategies:‚Ä¶ https://t.co/XgiXick1VN,3,BBVA World
FSDAfrica,Mon Oct 12 09:50:07 +0000 2020,RT @CAHF_Africa: Very nice overview of innovation in #fintech that is supporting more #affordablehousing. African economies can use these d‚Ä¶,0,BBVA World
IDCC_World,Sun Oct 11 03:13:05 +0000 2020,"RT @kaifulee: A long and in-depth podcast by @bbva: How Artificial Intelligence Will Help Teachers 
https://t.co/An6OLnmkkR",0,BBVA World
411emilio,Sun Oct 11 00:40:09 +0000 2020,RT @bbvaOpenMind: It is #WorldMentalHealthDay. üß† Several studies have contradicted the idea that social media are harmful and they affect o‚Ä¶,0,BBVA World
realgambyl,Sat Oct 10 19:00:31 +0000 2020,First day of qualifying Conmebol featured 15 South Americans from Liga BBVA MX. ESPN presents the list of soccer pl‚Ä¶ https://t.co/9y7mmhVTcN,3,BBVA World
Fernand34953952,Sat Oct 10 13:11:37 +0000 2020,RT @bbvaOpenMind: It is #WorldMentalHealthDay. üß† Several studies have contradicted the idea that social media are harmful and they affect o‚Ä¶,0,BBVA World
bbvaOpenMind,Sat Oct 10 13:00:39 +0000 2020,It is #WorldMentalHealthDay. üß† Several studies have contradicted the idea that social media are harmful and they af‚Ä¶ https://t.co/8AY7wkgJtf,2,BBVA World
411emilio,Sat Oct 10 00:50:30 +0000 2020,RT @bbvaOpenMind: ü¶† The global pandemic may have become the ultimate catalyst for large-scale adoption of #IoT technologies. @BanafaAhmed t‚Ä¶,0,BBVA World
411emilio,Sat Oct 10 00:50:14 +0000 2020,RT @bbvaOpenMind: What was the first commercial spam on the Internet? üìß When and how was #spam born? üíª On #WorldPostDay we talk about a qua‚Ä¶,0,BBVA World
Fernand34953952,Fri Oct 09 18:04:41 +0000 2020,RT @bbvaOpenMind: What was the first commercial spam on the Internet? üìß When and how was #spam born? üíª On #WorldPostDay we talk about a qua‚Ä¶,0,BBVA World
bbvaOpenMind,Fri Oct 09 18:00:58 +0000 2020,What was the first commercial spam on the Internet? üìß When and how was #spam born? üíª On #WorldPostDay we talk about‚Ä¶ https://t.co/yxJV7g4ZTL,4,BBVA World
e_nterdiscipl,Fri Oct 16 19:22:15 +0000 2020,RT @garypalmerjr: BBVA Participates In Pilot For Instant Payments In Britain https://t.co/7mupPzkxic | #Payments #Technology #FinTech #Busi‚Ä¶,0,BBVA Innovation
garypalmerjr,Fri Oct 16 19:21:16 +0000 2020,BBVA Participates In Pilot For Instant Payments In Britain https://t.co/7mupPzkxic | #Payments #Technology #FinTech‚Ä¶ https://t.co/eSU5PDtbOw,1,BBVA Innovation
Education_Meta,Fri Oct 16 12:52:35 +0000 2020,"RT @BBVAMomentum: üí°Metamorphosis School of Entrepreneurship; an initiative of @Education_Meta, announced the launch of their Innovation Hub‚Ä¶",0,BBVA Innovation
BBVAMomentum,Fri Oct 16 10:30:20 +0000 2020,"üí°Metamorphosis School of Entrepreneurship; an initiative of @Education_Meta, announced the launch of their Innovati‚Ä¶ https://t.co/cw2loBWxTP",0,BBVA Innovation
Fernand34953952,Thu Oct 15 19:50:46 +0000 2020,RT @bbvaOpenMind: The first solar car in history became known in 1955. üöó üåû üîã Nowadays we ask ourselves: why is not the market full of optio‚Ä¶,0,BBVA Innovation
bbvaOpenMind,Thu Oct 15 17:30:18 +0000 2020,The first solar car in history became known in 1955. üöó üåû üîã Nowadays we ask ourselves: why is not the market full of‚Ä¶ https://t.co/EjWgfFwgY8,1,BBVA Innovation
Marina_Nikit4uk,Thu Oct 15 15:45:02 +0000 2020,RT @CBinsights: Today's the last chance to join more than 350 participants in our Global Innovation Challenge. Login to see challenges crea‚Ä¶,0,BBVA Innovation
DCarsonCPA,Thu Oct 15 15:39:25 +0000 2020,RT @CBinsights: Today's the last chance to join more than 350 participants in our Global Innovation Challenge. Login to see challenges crea‚Ä¶,0,BBVA Innovation
CBinsights,Thu Oct 15 15:39:06 +0000 2020,Today's the last chance to join more than 350 participants in our Global Innovation Challenge. Login to see challen‚Ä¶ https://t.co/pxJWGFmLts,1,BBVA Innovation
corixpartners,Mon Oct 12 13:51:55 +0000 2020,"RT @neirajones: #Fintech: Turkey's Garanti BBVA Ships ""Blank"" Rewards-Based Card With NO Imprints (Nbr, Expiry &amp; CVV on #Mobile App)
https:‚Ä¶",0,BBVA Innovation
Transform_Sec,Mon Oct 12 13:47:56 +0000 2020,"RT @neirajones: #Fintech: Turkey's Garanti BBVA Ships ""Blank"" Rewards-Based Card With NO Imprints (Nbr, Expiry &amp; CVV on #Mobile App)
https:‚Ä¶",0,BBVA Innovation
FSDAfrica,Mon Oct 12 09:50:07 +0000 2020,RT @CAHF_Africa: Very nice overview of innovation in #fintech that is supporting more #affordablehousing. African economies can use these d‚Ä¶,0,BBVA Innovation
Corix_JC,Mon Oct 12 09:02:53 +0000 2020,"RT @neirajones: #Fintech: Turkey's Garanti BBVA Ships ""Blank"" Rewards-Based Card With NO Imprints (Nbr, Expiry &amp; CVV on #Mobile App)
https:‚Ä¶",0,BBVA Innovation
neirajones,Mon Oct 12 09:02:05 +0000 2020,"#Fintech: Turkey's Garanti BBVA Ships ""Blank"" Rewards-Based Card With NO Imprints (Nbr, Expiry &amp; CVV on #Mobile App‚Ä¶ https://t.co/wl5VGu2bZn",2,BBVA Innovation
Corix_JC,Mon Oct 12 08:56:50 +0000 2020,"RT @neirajones: #Fintech: Turkey's Garanti BBVA Ships ""Blank"" Rewards-Based Card With NO Imprints (Nbr, Expiry &amp; CVV on #Mobile App)‚†Ä
https‚Ä¶",0,BBVA Innovation
neirajones,Mon Oct 12 08:56:43 +0000 2020,"#Fintech: Turkey's Garanti BBVA Ships ""Blank"" Rewards-Based Card With NO Imprints (Nbr, Expiry &amp; CVV on #Mobile App‚Ä¶ https://t.co/GibgpgJaah",1,BBVA Innovation
BrunoGarro2,Sun Oct 11 17:51:43 +0000 2020,"RT @IEuniversity: ‚ÄúThe #Covid19 pandemic has been a huge accelerator in payments, transforming cash payments into digital Payments, it is a‚Ä¶",0,BBVA Innovation
CHURTI1,Tue Oct 13 17:48:55 +0000 2020,RT @IBECBarcelona: Nuria Montserrat and her team @IBECBarcelona receive funding from @FundacionBBVA to lead a research project on #COVID19:‚Ä¶,0,Fundaci√≥n BBVA
samitierjosep,Tue Oct 13 16:23:24 +0000 2020,RT @IBECBarcelona: Nuria Montserrat and her team @IBECBarcelona receive funding from @FundacionBBVA to lead a research project on #COVID19:‚Ä¶,0,Fundaci√≥n BBVA
SOMM_alliance,Tue Oct 13 13:52:41 +0000 2020,RT @IBECBarcelona: Nuria Montserrat and her team @IBECBarcelona receive funding from @FundacionBBVA to lead a research project on #COVID19:‚Ä¶,0,Fundaci√≥n BBVA
IBECBarcelona,Tue Oct 13 13:21:44 +0000 2020,Nuria Montserrat and her team @IBECBarcelona receive funding from @FundacionBBVA to lead a research project on‚Ä¶ https://t.co/YhfO4EEoS0,26,Fundaci√≥n BBVA
411emilio,Sat Oct 17 01:42:25 +0000 2020,RT @bbvaOpenMind: Optical illusions have kept scientists busy trying to work out whether the key to the effect lies in our vision or in our‚Ä¶,0,BBVA Research
KikeFinanzas,Fri Oct 16 18:21:40 +0000 2020,RT @alvaroortiz1968: A pleasure to share our Big Data job at the ECB workshop on High Frequency Data... and now with you !!! We will contin‚Ä¶,0,BBVA Research
salarconurraca,Fri Oct 16 16:51:51 +0000 2020,RT @TomasaRodrigo: It was a pleasure to participate in such an amazing ECB workshop about tracking the economy with high-frequency data to‚Ä¶,0,BBVA Research
TomasaRodrigo,Fri Oct 16 15:26:25 +0000 2020,It was a pleasure to participate in such an amazing ECB workshop about tracking the economy with high-frequency dat‚Ä¶ https://t.co/ubtyek0hnz,4,BBVA Research
BBVANews_USA,Fri Oct 16 15:05:05 +0000 2020,".@BBVA_USA unveils its second product geared towards environmental #sustainability, announcing a .75% rate discount‚Ä¶ https://t.co/ahAB4nv1hG",0,BBVA Research
alvaroortiz1968,Fri Oct 16 14:57:15 +0000 2020,A pleasure to share our Big Data job at the ECB workshop on High Frequency Data... and now with you !!! We will con‚Ä¶ https://t.co/hXO3veyYbp,8,BBVA Research
Fernand34953952,Wed Oct 14 18:20:30 +0000 2020,RT @bbvaOpenMind: Optical illusions have kept scientists busy trying to work out whether the key to the effect lies in our vision or in our‚Ä¶,0,BBVA Research
bbvaOpenMind,Wed Oct 14 16:30:36 +0000 2020,Optical illusions have kept scientists busy trying to work out whether the key to the effect lies in our vision or‚Ä¶ https://t.co/jV82fdiSim,5,BBVA Research
CHURTI1,Tue Oct 13 17:48:55 +0000 2020,RT @IBECBarcelona: Nuria Montserrat and her team @IBECBarcelona receive funding from @FundacionBBVA to lead a research project on #COVID19:‚Ä¶,0,BBVA Research
samitierjosep,Tue Oct 13 16:23:24 +0000 2020,RT @IBECBarcelona: Nuria Montserrat and her team @IBECBarcelona receive funding from @FundacionBBVA to lead a research project on #COVID19:‚Ä¶,0,BBVA Research
SOMM_alliance,Tue Oct 13 13:52:41 +0000 2020,RT @IBECBarcelona: Nuria Montserrat and her team @IBECBarcelona receive funding from @FundacionBBVA to lead a research project on #COVID19:‚Ä¶,0,BBVA Research
IBECBarcelona,Tue Oct 13 13:21:44 +0000 2020,Nuria Montserrat and her team @IBECBarcelona receive funding from @FundacionBBVA to lead a research project on‚Ä¶ https://t.co/YhfO4EEoS0,26,BBVA Research
IngeniousChi,Mon Oct 12 13:42:58 +0000 2020,"RT @bbvaOpenMind: Our contemporary cityscape is monotonous. üå≥ üå∫ Science, however, has devised a way of compensating for this urban plant un‚Ä¶",0,BBVA Research
Fernand34953952,Mon Oct 12 13:04:25 +0000 2020,"RT @bbvaOpenMind: Our contemporary cityscape is monotonous. üå≥ üå∫ Science, however, has devised a way of compensating for this urban plant un‚Ä¶",0,BBVA Research
SilviaCorchero1,Mon Oct 12 13:02:12 +0000 2020,"RT @bbvaOpenMind: Our contemporary cityscape is monotonous. üå≥ üå∫ Science, however, has devised a way of compensating for this urban plant un‚Ä¶",0,BBVA Research
bbvaOpenMind,Mon Oct 12 13:01:06 +0000 2020,"Our contemporary cityscape is monotonous. üå≥ üå∫ Science, however, has devised a way of compensating for this urban pl‚Ä¶ https://t.co/eAsYsndhIW",3,BBVA Research
ZolmaxNews,Sat Oct 10 12:30:43 +0000 2020,Banco Bilbao Vizcaya Argentaria $BBVA Upgraded to Hold at Zacks Investment Research https://t.co/FBbI6SG0wc,0,BBVA Research
EnterpriseLeade,Sat Oct 10 11:55:38 +0000 2020,Banco Bilbao Vizcaya Argentaria $BBVA Upgraded to Hold at Zacks Investment Research  https://t.co/tjpbSc7mPd,0,BBVA Research
jetblackiphonex,Fri Oct 16 04:59:45 +0000 2020,"Maybe @BBVA_Mex will be first Apple Pay supported bank in Mexico üá≤üáΩ ü§î

https://t.co/ayXlkG4Svk",1,BBVA Educacion Financiera
euromoney,Thu Oct 15 11:21:29 +0000 2020,Our latest #SpotlightSeries interview with Luisa Gomez Bravo is the Global Head of Corporate &amp; Investment Banking a‚Ä¶ https://t.co/YYdfQIXaEa,0,BBVA Corporate & Investment Banking
rManoj1984,Sat Oct 17 18:11:15 +0000 2020,"RT @abhibheem: #Cashaa is one of #KPMG top 50 emerging fintech company
top 3 finalists if #bbva open talent
Top 3 finalists #Maltablockchai‚Ä¶",0,BBVA Open Talent
BenotGaudet1,Sat Oct 17 09:18:14 +0000 2020,"RT @abhibheem: #Cashaa is one of #KPMG top 50 emerging fintech company
top 3 finalists if #bbva open talent
Top 3 finalists #Maltablockchai‚Ä¶",0,BBVA Open Talent
abhibheem,Sat Oct 17 04:01:33 +0000 2020,"#Cashaa is one of #KPMG top 50 emerging fintech company
top 3 finalists if #bbva open talent
Top 3 finalists‚Ä¶ https://t.co/0pfv7nVOki",2,BBVA Open Talent
TWMPD2017,Thu Oct 15 09:03:48 +0000 2020,"RT @andi_staub: [good read]

#QuantumComputing, #5G and #blockchain:
technologies that will mark the next decade in banking

#AI #fintech @‚Ä¶",0,BBVA Next Technologies
faisalakht,Thu Oct 15 03:13:48 +0000 2020,"RT @andi_staub: [good read]

#QuantumComputing, #5G and #blockchain:
technologies that will mark the next decade in banking

#AI #fintech @‚Ä¶",0,BBVA Next Technologies
Fabriziobustama,Thu Oct 15 03:12:55 +0000 2020,"RT @andi_staub: [good read]

#QuantumComputing, #5G and #blockchain:
technologies that will mark the next decade in banking

#AI #fintech @‚Ä¶",0,BBVA Next Technologies
BEeconCH,Thu Oct 15 01:37:10 +0000 2020,"RT @andi_staub: [good read]

#QuantumComputing, #5G and #blockchain:
technologies that will mark the next decade in banking

#AI #fintech @‚Ä¶",0,BBVA Next Technologies
andi_staub,Wed Oct 14 23:24:29 +0000 2020,"RT @andi_staub: [good read]

#QuantumComputing, #5G and #blockchain:
technologies that will mark the next decade in banking

#AI #fintech @‚Ä¶",0,BBVA Next Technologies
SSXman2,Wed Oct 14 19:00:31 +0000 2020,"RT @andi_staub: [good read]

#QuantumComputing, #5G and #blockchain:
technologies that will mark the next decade in banking

#AI #fintech @‚Ä¶",0,BBVA Next Technologies
dataspidderr,Wed Oct 14 17:06:22 +0000 2020,"RT @andi_staub: [good read]

#QuantumComputing, #5G and #blockchain:
technologies that will mark the next decade in banking

#AI #fintech @‚Ä¶",0,BBVA Next Technologies
AlomoFabrice,Wed Oct 14 16:50:07 +0000 2020,"RT @andi_staub: [good read]

#QuantumComputing, #5G and #blockchain:
technologies that will mark the next decade in banking

#AI #fintech @‚Ä¶",0,BBVA Next Technologies
pbucquet,Wed Oct 14 16:05:23 +0000 2020,"RT @andi_staub: [good read]

#QuantumComputing, #5G and #blockchain:
technologies that will mark the next decade in banking

#AI #fintech @‚Ä¶",0,BBVA Next Technologies
techtrendingnow,Wed Oct 14 14:48:58 +0000 2020,"RT @andi_staub: [good read]

#QuantumComputing, #5G and #blockchain:
technologies that will mark the next decade in banking

#AI #fintech @‚Ä¶",0,BBVA Next Technologies
TubaK,Wed Oct 14 14:48:52 +0000 2020,"RT @andi_staub: [good read]

#QuantumComputing, #5G and #blockchain:
technologies that will mark the next decade in banking

#AI #fintech @‚Ä¶",0,BBVA Next Technologies
williamxlr,Wed Oct 14 13:40:10 +0000 2020,"RT @andi_staub: [good read]

#QuantumComputing, #5G and #blockchain:
technologies that will mark the next decade in banking

#AI #fintech @‚Ä¶",0,BBVA Next Technologies
seyraud,Wed Oct 14 12:56:20 +0000 2020,"RT @andi_staub: [good read]

#QuantumComputing, #5G and #blockchain:
technologies that will mark the next decade in banking

#AI #fintech @‚Ä¶",0,BBVA Next Technologies
ELCavalos,Wed Oct 14 12:16:35 +0000 2020,"RT @andi_staub: [good read]

#QuantumComputing, #5G and #blockchain:
technologies that will mark the next decade in banking

#AI #fintech @‚Ä¶",0,BBVA Next Technologies
Pulso_Digital,Wed Oct 14 12:00:41 +0000 2020,"RT @andi_staub: [good read]

#QuantumComputing, #5G and #blockchain:
technologies that will mark the next decade in banking

#AI #fintech @‚Ä¶",0,BBVA Next Technologies
Kamuruu_G,Wed Oct 14 11:00:12 +0000 2020,"RT @andi_staub: [good read]

#QuantumComputing, #5G and #blockchain:
technologies that will mark the next decade in banking

#AI #fintech @‚Ä¶",0,BBVA Next Technologies
AGustavo_Pro,Wed Oct 14 10:49:12 +0000 2020,"RT @andi_staub: [good read]

#QuantumComputing, #5G and #blockchain:
technologies that will mark the next decade in banking

#AI #fintech @‚Ä¶",0,BBVA Next Technologies
JimMarous,Wed Oct 14 10:45:22 +0000 2020,"RT @andi_staub: [good read]

#QuantumComputing, #5G and #blockchain:
technologies that will mark the next decade in banking

#AI #fintech @‚Ä¶",0,BBVA Next Technologies
ReVeldes_VdV,Wed Oct 14 09:46:37 +0000 2020,"RT @andi_staub: [good read]

#QuantumComputing, #5G and #blockchain:
technologies that will mark the next decade in banking

#AI #fintech @‚Ä¶",0,BBVA Next Technologies
GaiaPluto,Wed Oct 14 09:38:39 +0000 2020,"RT @andi_staub: [good read]

#QuantumComputing, #5G and #blockchain:
technologies that will mark the next decade in banking

#AI #fintech @‚Ä¶",0,BBVA Next Technologies
nfteam3,Wed Oct 14 09:37:59 +0000 2020,"RT @andi_staub: [good read]

#QuantumComputing, #5G and #blockchain:
technologies that will mark the next decade in banking

#AI #fintech @‚Ä¶",0,BBVA Next Technologies
metoscm,Wed Oct 14 09:35:41 +0000 2020,"RT @andi_staub: [good read]

#QuantumComputing, #5G and #blockchain:
technologies that will mark the next decade in banking

#AI #fintech @‚Ä¶",0,BBVA Next Technologies
blockjn,Wed Oct 14 07:11:33 +0000 2020,"RT @andi_staub: [good read]

#QuantumComputing, #5G and #blockchain:
technologies that will mark the next decade in banking

#AI #fintech @‚Ä¶",0,BBVA Next Technologies
Theo81317148,Wed Oct 14 07:04:56 +0000 2020,"RT @andi_staub: [good read]

#QuantumComputing, #5G and #blockchain:
technologies that will mark the next decade in banking

#AI #fintech @‚Ä¶",0,BBVA Next Technologies
jblefevre60,Wed Oct 14 06:52:16 +0000 2020,"RT @andi_staub: [good read]

#QuantumComputing, #5G and #blockchain:
technologies that will mark the next decade in banking

#AI #fintech @‚Ä¶",0,BBVA Next Technologies
WbconsHd,Wed Oct 14 06:25:04 +0000 2020,"RT @andi_staub: [good read]

#QuantumComputing, #5G and #blockchain:
technologies that will mark the next decade in banking

#AI #fintech @‚Ä¶",0,BBVA Next Technologies
claudiomkd,Wed Oct 14 06:13:55 +0000 2020,"RT @andi_staub: [good read]

#QuantumComputing, #5G and #blockchain:
technologies that will mark the next decade in banking

#AI #fintech @‚Ä¶",0,BBVA Next Technologies
JayroEfren,Wed Oct 14 05:31:28 +0000 2020,"RT @andi_staub: [good read]

#QuantumComputing, #5G and #blockchain:
technologies that will mark the next decade in banking

#AI #fintech @‚Ä¶",0,BBVA Next Technologies
SpirosMargaris,Wed Oct 14 05:17:35 +0000 2020,"RT @andi_staub: [good read]

#QuantumComputing, #5G and #blockchain:
technologies that will mark the next decade in banking

#AI #fintech @‚Ä¶",0,BBVA Next Technologies
jorgito_pf,Wed Oct 14 04:11:48 +0000 2020,"RT @andi_staub: [good read]

#QuantumComputing, #5G and #blockchain:
technologies that will mark the next decade in banking

#AI #fintech @‚Ä¶",0,BBVA Next Technologies
SimplifiedIct,Wed Oct 14 03:48:41 +0000 2020,"RT @andi_staub: [good read]

#QuantumComputing, #5G and #blockchain:
technologies that will mark the next decade in banking

#AI #fintech @‚Ä¶",0,BBVA Next Technologies
fintechna,Wed Oct 14 03:43:12 +0000 2020,"RT @andi_staub: [good read]

#QuantumComputing, #5G and #blockchain:
technologies that will mark the next decade in banking

#AI #fintech @‚Ä¶",0,BBVA Next Technologies
FedBran,Wed Oct 14 03:37:10 +0000 2020,"RT @andi_staub: [good read]

#QuantumComputing, #5G and #blockchain:
technologies that will mark the next decade in banking

#AI #fintech @‚Ä¶",0,BBVA Next Technologies
andi_staub,Wed Oct 14 03:36:02 +0000 2020,"[good read]

#QuantumComputing, #5G and #blockchain:
technologies that will mark the next decade in banking

#AI‚Ä¶ https://t.co/iwLDgSX4Rp",32,BBVA Next Technologies
crmenpanama,Fri Oct 16 00:59:03 +0000 2020,#newbanking the business transformation is now  https://t.co/DD860YYcRE,0,BBVA en Espa√±a
bbva,Thu Oct 15 19:30:15 +0000 2020,"üîµ Carlos Torres Vila, #BBVA's chairman, celebrates the one billion views with @AprenderJuntos, the #BBVA's and the‚Ä¶ https://t.co/Z9Eqic2ASs",4,Aprendemos Juntos BBVA
BBVAPrensa,Wed Oct 14 14:00:21 +0000 2020,More than one billion views for @bbva 's educational project @AprenderJuntos_. Learn more ‚¨áÔ∏è. https://t.co/lzCYUHMcgd,1,Aprendemos Juntos BBVA
GoldstoneFG,Tue Oct 13 13:28:00 +0000 2020,"Writing for @bbva, Alejandro Ortiz looks at what the future has in store for #wealthmanagement -- from adaptability‚Ä¶ https://t.co/UJpWszulIW",0,BBVA Data & Analytics
JaxBizJournal,Thu Oct 15 10:29:00 +0000 2020,See who has the next great idea at the Entrepreneurial Opportunity Contest. https://t.co/SPDrYRgKUw (Sponsored by @bbva_usa),1,BBVA News in the USA
alfonsinamaldo,Fri Oct 16 10:22:39 +0000 2020,RT @EstrellaWuayna: @MasterChef_Uy @alfonsinamaldo @XimeTorres8 @canal10uruguay @bbva_uruguay @pugliainvita @elfranchuteji Grande!!! üëèüèªüëèüèª,0,BBVA Uruguay
EstrellaWuayna,Fri Oct 16 02:07:43 +0000 2020,@MasterChef_Uy @alfonsinamaldo @XimeTorres8 @canal10uruguay @bbva_uruguay @pugliainvita @elfranchuteji Grande!!! üëèüèªüëèüèª,2,BBVA Uruguay
David_Reward,Wed Oct 14 02:20:05 +0000 2020,@MasterChef_Uy @canal10uruguay @bbva_uruguay @XimeTorres8 @pugliainvita @elfranchuteji Alto cringe,2,BBVA Uruguay
offershodlhodl,Mon Oct 12 19:00:13 +0000 2020,"Buy between 10.0 and 13064.56 USD worth of BTC at 13064.56 USD

Payment methods: BBVA, BROU, Abitab, Red Pagos, Mid‚Ä¶ https://t.co/mr0IsmszXD",0,BBVA Uruguay
offershodlhodl,Mon Oct 12 18:30:12 +0000 2020,"Buy between 10.0 and 12720.02 USD worth of BTC at 12720.02 USD

Payment methods: BBVA, BROU, Abitab, Red Pagos, Mid‚Ä¶ https://t.co/IY6d8pJmGx",0,BBVA Uruguay
offershodlhodl,Mon Oct 12 15:30:12 +0000 2020,"Buy between 500.0 and 543796.56 UYU worth of BTC at 543796.56 UYU

Payment methods: BBVA, BROU, Abitab, Red Pagos,‚Ä¶ https://t.co/BJR6uzGZXY",0,BBVA Uruguay
oddslotcom,Thu Oct 15 12:45:39 +0000 2020,@ANT159694954 @Finextra So it means BBVA is not happy with Ripple https://t.co/PcvtQx5xw8,1,BBVA en M√©xico
otc_watch_news,Sat Oct 17 11:29:32 +0000 2020,$TKGBY #OTCQX International Premier Turkiye Garanti Bankasi A.S. (TKGBY: OTCQX International Premier) | Turkiye Gar‚Ä¶ https://t.co/PYU5kEZiNl,0,Garanti Bankasi
DGAP_News_Int,Sat Oct 17 10:54:19 +0000 2020,Turkiye Garanti Bankasi A.S.: TRFGRANE2019 ISIN- Redemption of the Debt Instrument https://t.co/5fvcSjUoRx,0,Garanti Bankasi
DGAP_UK_Reg,Sat Oct 17 10:54:18 +0000 2020,Turkiye Garanti Bankasi A.S.: TRFGRANE2019 ISIN- Redemption of the Debt Instrument https://t.co/8zpqsKja5z,0,Garanti Bankasi
Chieftosin,Sat Oct 17 19:04:32 +0000 2020,"RT @YF_Shark: üëãHello YF Shark Communityü¶à

To celebrate pre-listing on 10 November 2020, we launch YF Shark [YFS] airdrop with total pool 10‚Ä¶",0,Bonus
Humble_akhh,Sat Oct 17 19:04:32 +0000 2020,"RT @FootyAccums: As part of his transfer to West Ham, Said Benrahma arranged for a bonus to be paid to over 100 staff at Brentford FC who h‚Ä¶",0,Bonus
NatsumiXii,Sat Oct 17 19:04:29 +0000 2020,RT @BbLunaire: whispers (bonus points if you cant figure out what theyre saying) #catradora #adora #catra #bow #glimmer #shera #spop https:‚Ä¶,0,Bonus
Tan89603549,Sat Oct 17 19:04:16 +0000 2020,"RT @YF_Shark: üëãHello YF Shark Communityü¶à

To celebrate pre-listing on 10 November 2020, we launch YF Shark [YFS] airdrop with total pool 10‚Ä¶",0,Bonus
Sam_McAleese,Sat Oct 17 19:04:14 +0000 2020,@sbg_arch Discovered another bonus... https://t.co/d4loo4metx,0,Bonus
gothjichu,Sat Oct 17 19:04:13 +0000 2020,RT @jisoovalentine: jisoo singing her own drama's ost would be a bonus for us üòç,0,Bonus
RecDTRH,Sat Oct 17 19:04:12 +0000 2020,@Faulerro Sonic Adventure's secret bonus character story: Mono The Bear,0,Bonus
molon_alex,Sat Oct 17 19:04:09 +0000 2020,@TrendSpider Wow ü§© #SUSHISWAP bonus @SUSHIGiv Thanks!,0,Bonus
TidewaterMG,Sat Oct 17 19:04:04 +0000 2020,You deserve a little something extra this AEP! How about earning up to $60 per app selling GTL products? Find out t‚Ä¶ https://t.co/oK6QjPi4UD,0,Bonus
wozniack,Sat Oct 17 19:04:02 +0000 2020,ü§© I just earned $299 with RewardsFeed under 30 minutes... Sounds too good? You can try it for yourself! ü§ë Sign up w‚Ä¶ https://t.co/UuifCRd7nE,0,Bonus
garymcgurk,Sat Oct 17 19:03:59 +0000 2020,Just flicking through channels and United game is on @EoinMcDevitt Sports 1 #bonus  @SecondCaptains,0,Bonus
VGOPodcast,Sat Oct 17 19:03:58 +0000 2020,"New bonus show, from you, the amazing VGO Community - FREE on the app

#34 #OculusQuest2 #Destiny2‚Ä¶ https://t.co/pVRioaOJdW",0,Bonus
isa_Saturno,Sat Oct 17 19:03:58 +0000 2020,"RT @meg_photos: ‚ú®‚ú® PRINT PACK SALE ‚ú®‚ú® 
 but this time they‚Äôre my characters!

- $15 for one print pack (4 prints) 
- $45 for all 4 packs (1‚Ä¶",0,Bonus
JeanniePrinsen,Sat Oct 17 19:03:57 +0000 2020,"@WatsonWork1 Ooh, this looks interesting. One of the DVD bonus featurettes had a few clips of Ishiguro commenting o‚Ä¶ https://t.co/hQlrIGs25k",0,Bonus
dwatchorn,Sat Oct 17 19:03:54 +0000 2020,"@Blatehelm Aye, it'd be great, but not necessary... Merely a bonus...",0,Bonus
luckybobby80,Sat Oct 17 19:03:53 +0000 2020,"RT @AnythingGoesL: #Win the 3-Step Anthology from @AureliaSkincare - This collection helps to protect, restore and make your skin more lumi‚Ä¶",0,Bonus
peoples_pop,Sat Oct 17 19:03:48 +0000 2020,"@itinerantgeoff A lot of those are represented in the Bonus list of course.

(This was something I anticipated migh‚Ä¶ https://t.co/Q8FSNa549l",1,Bonus
dmIreneDB,Sat Oct 17 19:03:47 +0000 2020,"RT @czeuch1: üì¢ #SelfPromoSaturday üì¢

Share your goodies and stuff you can offer to make the #ttrpg community even better!

üåüBONUSüåü 

Share‚Ä¶",0,Bonus
OnstaMonsta,Sat Oct 17 19:03:45 +0000 2020,@RudicornPlays PRECISELY.. AND A BONUS? they will ALL bring food for the party if you ask them to!!,0,Bonus
_iamayo,Sat Oct 17 19:03:41 +0000 2020,"RT @FootyAccums: As part of his transfer to West Ham, Said Benrahma arranged for a bonus to be paid to over 100 staff at Brentford FC who h‚Ä¶",0,Bonus
spardo2112,Sat Oct 17 19:03:34 +0000 2020,"@kadonkey If I owned my own plane, Skymaster would be the one.  Just love how it looks.
Being able to paint it in a‚Ä¶ https://t.co/QQ6IE3HuXD",1,Bonus
btcmentorship,Sat Oct 17 19:03:32 +0000 2020,"Effective November 1st - Referral Bonus Will Be Cut In Half! If you don't have your card yet, use my referral link‚Ä¶ https://t.co/MDKzJv0nlj",0,Bonus
DancewithPride,Sat Oct 17 19:03:32 +0000 2020,RT @DipsausPodcast: Listen to this wonderful conversation between @garyyounge &amp; @quinsyg on Black Togetherness in Europe. We discuss being‚Ä¶,0,Bonus
Gambling1013,Sat Oct 17 19:03:26 +0000 2020,"@jason_mavis @Berowatch @betonline_ag 50% deposit match bonus using link for sign up 
https://t.co/9jYJ7EoMyb",1,Bonus
tiife2wavy,Sat Oct 17 19:03:25 +0000 2020,"RT @toolzdeyforyou: Many of u bet on a team in the match btw Everton&amp; Liverpool n the one btw Chelsea&amp; Southampton today, u were worried ur‚Ä¶",0,Bonus
FunkeMonke7,Sat Oct 17 19:03:24 +0000 2020,"RT @FootyAccums: As part of his transfer to West Ham, Said Benrahma arranged for a bonus to be paid to over 100 staff at Brentford FC who h‚Ä¶",0,Bonus
SandySane,Sat Oct 17 19:03:22 +0000 2020,"RT @YF_Shark: üëãHello YF Shark Communityü¶à

To celebrate pre-listing on 10 November 2020, we launch YF Shark [YFS] airdrop with total pool 10‚Ä¶",0,Bonus
RaptorKizzie,Sat Oct 17 19:03:22 +0000 2020,"Bonus linkage!: Donate to our ko-fi shop to help fund contributor copies :3

https://t.co/pePIP43dEG",0,Bonus
Hikari_Uragiri,Sat Oct 17 19:03:20 +0000 2020,"@BanditPale Yup, definitely!

And they don't break just from stepping on, which is the absolute bonus!",0,Bonus
quickie_boost,Sat Oct 17 19:03:17 +0000 2020,Grand Wild Casino - Exclusive 50 No Deposit FS Bonus on Royal Wins October 2020 https://t.co/EQkz227iB8,0,Bonus
mirrabogatova,Sat Oct 17 19:03:15 +0000 2020,"RT @SleduiZaMnoicom: üíµ Congratulations!
Today you received  a progressive bonus of 60 DOGE as a reward for daily visiting a https://t.co/11‚Ä¶",0,Bonus
sherryxnchen,Sat Oct 17 19:03:14 +0000 2020,"TW: Fire

Bonus: The letters as the zamboni

Self explanatory. https://t.co/Sy13KAS11s",0,Bonus
goherc50plus,Sat Oct 17 19:03:14 +0000 2020,I earned a steps bonus of 221 calories. #LoseIt,0,Bonus
fluidfractal,Sat Oct 17 19:03:12 +0000 2020,Just got a $300 bonus from work üßø ü§ëü§ëü§ë,0,Bonus
TwittyNot,Sat Oct 17 19:03:11 +0000 2020,RT @Rapid_Arthropod: Bonus pics from that day I walked up a mountain. https://t.co/WsiWK7K0bo,0,Bonus
chriswalton80,Sat Oct 17 19:03:08 +0000 2020,"@TheVillaVision I love your optimism but let‚Äôs hope for mid table, anything more is a bonus.",0,Bonus
daniicorn,Sat Oct 17 19:03:08 +0000 2020,RT @fIuffiverse: crewguys commission for @CR3WMAT3Z ! and a bonus doodle https://t.co/pRXhMRejAO,0,Bonus
ScottWiper,Sat Oct 17 19:03:06 +0000 2020,"RT @LNNinstagram: Barabanov is not in a lot of mock lineups, which is unsurprising, but the guy turned down a KHL loan to work on his game‚Ä¶",0,Bonus
aykteoh,Sat Oct 17 19:03:04 +0000 2020,@JakeHurwitz @NADDPod Henry needs to take Polearm Master!  Bonus action 1d4 attack each turn and when they enter yo‚Ä¶ https://t.co/yDbe4aXY9t,0,Bonus
VioVioo26,Sat Oct 17 19:03:00 +0000 2020,"üí∏I earned $261 just using my phone from my couch! You can earn too! ü§ë

Sign up now to get $25 bonus:‚Ä¶ https://t.co/QPeLgapxSF",0,Bonus
bunteez,Sat Oct 17 19:03:00 +0000 2020,@nekohwas also found this one as a bonus bc üí´waistüí´ https://t.co/CHyjz80zRq,0,Bonus
Otmalu1,Sat Oct 17 19:02:59 +0000 2020,Hi @Bet9jaHelp I played a bet with my bonus and I won but it‚Äôs not withdrawable why ü§Æ @Bet9jaHelp @Bet9jaOfficial,0,Bonus
Theresa_Bene,Sat Oct 17 19:02:58 +0000 2020,@cetri07 Yes that bonus is still there! Would be better if it was a Bulls button... but I got over it üòÇ,0,Bonus
drivekofficial,Sat Oct 17 19:02:58 +0000 2020,"RT @RadomirFojtik: What a SURPRISE - $50 !!

Time to CELEBRATE !!

Seems to be the best page from MY COLLECTION !!

Will focus more on this‚Ä¶",0,Bonus
Mariacaliente61,Sat Oct 17 19:02:57 +0000 2020,"RT @EniolaShodeinde: Earn bitcoin Online without Investing?
Complete Offer to Earn
Complete Survey to Earn etc
To Qualify, register and con‚Ä¶",0,Bonus
hiroism4ever,Sat Oct 17 19:02:52 +0000 2020,"RT @MikeSievert: I have very cool #iPhone12 news for long-time customers (5+ years) on @TMobile AND @Sprint. When you trade in to upgrade,‚Ä¶",0,Bonus
yoricity,Sat Oct 17 19:02:49 +0000 2020,"RT @BitSigmaBTC: ‚òÄÔ∏èOKEX Old Trader Event

‚ù§Ô∏èThanks for support of old traders in this special period of crypto world

üõ°All will be fine soo‚Ä¶",0,Bonus
ahhhmeee,Sat Oct 17 19:02:48 +0000 2020,"RT @jjiangshi: ‚ú®‚ú®‚ú®thank you for 1k follows!!!!! i wanted to host a raffle/giveaway at 1k so here it is!!! :^D ‚ú®ü•∞‚ú®

- RT &amp; follow to enter f‚Ä¶",0,Bonus
AdHaque110,Sat Oct 17 19:02:43 +0000 2020,Bonus: South Africa's constitution requires courts to interpret legislation to avoid conflicts with international l‚Ä¶ https://t.co/R85znhRJVc,1,Bonus
kj40536,Sat Oct 17 19:02:42 +0000 2020,"RT @grave_secrets: Here‚Äôs a sneak peak of my image that I made for @DevilsPlayFMA , of course with two of my favorite antagonists (and a bo‚Ä¶",0,Bonus
dennisrono,Sat Oct 17 19:02:38 +0000 2020,"Collect cash every day, please help me, 600ksh for you! This is free bonus provided by bangcasino. Everyone can get‚Ä¶ https://t.co/ZePzGWhIZm",0,Bonus
FWgrandall,Sat Oct 17 19:02:33 +0000 2020,@SpicyRaccoonGuy Is this a warning or a bonus,1,Bonus
BFC_Zoe,Sat Oct 17 19:02:30 +0000 2020,@spudsinwater @FootyAccums @WestHam I'd rather someone did this and got it leaked (which he didn't) than someone ju‚Ä¶ https://t.co/Qa7zA1EatI,0,Bonus
OlegTakipci,Sat Oct 17 19:02:30 +0000 2020,"@jamesncantrell @colinjcantrell @Snakech40435281 @TrungTPhan @Salamandacm @NexusOfficial Yes, your son built someth‚Ä¶ https://t.co/6wENSVwtNW",0,Bonus
zeld_4,Sat Oct 17 19:02:29 +0000 2020,"@INDOZED the bird indeed &lt;3
this is so sweet and i wholeheartedly agree
also bonus for me because swallow is one of‚Ä¶ https://t.co/vOnMJiKvXA",1,Bonus
missmi621,Sat Oct 17 19:02:28 +0000 2020,"RT @MikeSievert: I have very cool #iPhone12 news for long-time customers (5+ years) on @TMobile AND @Sprint. When you trade in to upgrade,‚Ä¶",0,Bonus
payytah,Sat Oct 17 19:02:27 +0000 2020,@Wipz @timthetatman Wipz deserves a bonus for this one !,0,Bonus
jewel_lii,Sat Oct 17 19:02:26 +0000 2020,"RT @jjiangshi: ‚ú®‚ú®‚ú®thank you for 1k follows!!!!! i wanted to host a raffle/giveaway at 1k so here it is!!! :^D ‚ú®ü•∞‚ú®

- RT &amp; follow to enter f‚Ä¶",0,Bonus
merluvli,Sat Oct 17 19:02:25 +0000 2020,RT @ComicsSiam: Bonus doodles of #djsubatomicsupernova and NJ spending some time together. (Oversimplified DJSS looks like cookie...) https‚Ä¶,0,Bonus
sipcodeine1,Sat Oct 17 19:02:23 +0000 2020,"RT @OfficialFPL: #MCIARS BONUS POINTS AS IT STANDS

3 - Sterling &amp; Cancelo
1 - Walker

#FPL https://t.co/hE09YZC5PR",0,Bonus
DeanJelley85,Sat Oct 17 19:02:20 +0000 2020,"RT @FootyAccums: As part of his transfer to West Ham, Said Benrahma arranged for a bonus to be paid to over 100 staff at Brentford FC who h‚Ä¶",0,Bonus
DroozinRPG,Sat Oct 17 19:02:18 +0000 2020,RT @Ryokuculnamo: Time for a bonus weekend of Trails to Azure it gets closer to the end. https://t.co/PTqaWO4LWP #Twitch #Twitchtv #Falcom‚Ä¶,0,Bonus
Robbiebond77,Sat Oct 17 19:02:16 +0000 2020,@RedCardShirts Definitely. I always go in expecting to find nothing &amp; if I do it‚Äôs a bonus.,0,Bonus
WanFaridKamil,Sat Oct 17 19:02:16 +0000 2020,"RT @FPLStatus: FT: #MCI 1-0 #ARS / #FPL
Provisional Bonus Pts! ‚è∞
3 ‚Äî Sterling
3 ‚Äî Cancelo
1 ‚Äî Walker https://t.co/Zb0nNUR00p",0,Bonus
georgeowxn,Sat Oct 17 19:02:14 +0000 2020,"@_MikeLFC_ i‚Äôm not expecting good news at all, preparing myself for the worst case scenario and him being out for 8‚Ä¶ https://t.co/jrMz5czk3Q",0,Bonus
CurseofSebs,Sat Oct 17 19:02:12 +0000 2020,RT @ReturnSnyder: @czeuch1 @target_role @diceaveragejack @dumbdragoncast and @TI_Pod offer not only fantastic Patreon support and bonus con‚Ä¶,0,Bonus
AngieSturdevant,Sat Oct 17 19:02:11 +0000 2020,RT @michaeljackson: Let‚Äôs end the week on a high note. This Michael art by fan Bonus Saidi really shines! https://t.co/bJbL4pXrIE,0,Bonus
FPLGanonTEK,Sat Oct 17 19:02:09 +0000 2020,"@FPL_Vader Think so!
I'm 31 +bonus +6 to play.
Had 34 all out last gameweek. Improvement! üòÄ",0,Bonus
WBGamesSupport,Sat Oct 17 19:02:08 +0000 2020,"@Bronoun_ Hi there! Once you purchase Mortal Kombat 11 Ultimate, you will be able to download the base game, the Ko‚Ä¶ https://t.co/EaRCTtuZHE",0,Bonus
monna_dimakatso,Sat Oct 17 19:02:07 +0000 2020,"RT @BitSigmaBTC: ‚òÄÔ∏èOKEX Old Trader Event

‚ù§Ô∏èThanks for support of old traders in this special period of crypto world

üõ°All will be fine soo‚Ä¶",0,Bonus
GimnastasNet,Sat Oct 17 19:02:06 +0000 2020,"RT @Nina_350: Giorgia Villa‚Äôs beam today
13.950 D 5.8 E 7.75 Bonus 0.4 https://t.co/khDtg2FKpE",0,Bonus
MonkieKid,Sat Oct 17 19:02:05 +0000 2020,"RT @ec_makes_stuff: Some Red Son doodle (with bonus Spicynoodle) 

#MonkieKid #Redson https://t.co/GccEWGvTtH",0,Bonus
Easy_Branches,Sat Oct 17 19:02:04 +0000 2020,RT @DailyUSANews: Nice win 200x Illinois lottery: Got a nice bonus win on 200x ticket on Illinois lottery. https://t.co/ZESAudRPPW #guestpo‚Ä¶,0,Bonus
lobore1,Sat Oct 17 19:02:03 +0000 2020,"RT @celiSwap: Our token Private sale is LIVE now.

2m ESP has been allocated to the token sale.

Everyone who join the Pivate Token sale wi‚Ä¶",0,Bonus
Zobieez,Sat Oct 17 19:01:59 +0000 2020,"RT @Zobieez: Bonus: they fell asleep together :)

#spinearl #StevenUniverse #stevenuniversefanart https://t.co/S99AJlrzV9",0,Bonus
Lia60115217,Sat Oct 17 19:01:59 +0000 2020,"RT @wjerap: ‚ÄºÔ∏èGOT7 ‚ÄúDYE‚Äù Album + Tourlog GIVEAWAY ‚ÄºÔ∏è

2 sealed, 2 unsealed*

rules:
- rt/reply to join
- mbf me
- for BONUS ENTRY: stream Y‚Ä¶",0,Bonus
RiodeWesty,Sat Oct 17 19:01:56 +0000 2020,RT @BlackCulture_HM: Useless Tea Girl @ThuliMadonsela3 why erasing EFF women in the books of  history in this country: There is no powerful‚Ä¶,0,Bonus
DebeyzD,Sat Oct 17 19:01:54 +0000 2020,"RT @willmenaker: ‚ÄòBonus: My Podcast with Wally feat. Wallace Shawn‚Äô 

https://t.co/ly791bGh22 https://t.co/Nh5gukUctj",0,Bonus
harsha_pesala,Sat Oct 17 19:01:45 +0000 2020,"#hungry #freefood #FirstTime #uk #reward #referral #BONUS 
#UberEatsPromoCode #UberEats
#ubereatsuk #freebreakfast‚Ä¶ https://t.co/ZKsO3O60AY",1,Bonus
T2k2Tracey,Sat Oct 17 19:01:44 +0000 2020,@BETSIEGOLD Oh bonus ... see 2020 isn‚Äôt all bad üòÇ,0,Bonus
rouxgetint,Sat Oct 17 19:01:44 +0000 2020,watching tanaka try to grind for the new dva skin for me via arcade and because he's not used to my settings he jus‚Ä¶ https://t.co/PdJ8wjiMCW,1,Bonus
LostSock4,Sat Oct 17 19:01:41 +0000 2020,"@ArtLampkin @nancyba226 @JuliaHB1 Trust me, when you have 6-8 lectures a week spread over 3 days, sometimes only 3‚Ä¶ https://t.co/sh4LzBB419",0,Bonus
BrayanaAmari,Sat Oct 17 19:01:38 +0000 2020,"Bonus episode out now!
Link in my bio. üíúüíúüíú https://t.co/0n0o7LqRKX",0,Bonus
Mohadeen6,Sat Oct 17 19:01:38 +0000 2020,"RT @BlueWolf_09: No KDB, Aguero‚Äôs first game back, no natural LB and our best CB out. So really don‚Äôt care how we won. All that matters is‚Ä¶",0,Bonus
drivekofficial,Sat Oct 17 19:01:37 +0000 2020,"RT @MrStephenDean: Start earning your next Christmas bonus now...click here https://t.co/u4yPNECZwv and join cointiply, where 10 minutes a‚Ä¶",0,Bonus
DailyUSANews,Sat Oct 17 19:01:36 +0000 2020,Nice win 200x Illinois lottery: Got a nice bonus win on 200x ticket on Illinois lottery. https://t.co/ZESAudRPPW‚Ä¶ https://t.co/kMd8ZKibIo,0,Bonus
Rubby0816,Sat Oct 17 19:01:35 +0000 2020,"RT @YF_Shark: üëãHello YF Shark Communityü¶à

To celebrate pre-listing on 10 November 2020, we launch YF Shark [YFS] airdrop with total pool 10‚Ä¶",0,Bonus
MidnightVigils,Sat Oct 17 19:01:34 +0000 2020,RT @MunificentCore: He is a precious soul. It‚Äôs physically impossible for me to /not/ love him. His looks are just a bonus. #MyPreciousCinn‚Ä¶,0,Bonus
markbloendal,Sat Oct 17 19:01:33 +0000 2020,"@Thirdo_ @CANDYMANCHENK @apnelson1 Can't imagine what it would be besides it.

As we could all see with the loyalty‚Ä¶ https://t.co/JDtEKznB0H",0,Bonus
Physician_Jobs1,Sat Oct 17 19:01:32 +0000 2020,Signing Bonus Up to $40k Available Near Indianapolis https://t.co/KCm9Zn6ijS,0,Bonus
denialogy,Sat Oct 17 19:01:27 +0000 2020,Hope this AU also comes with the bonus of y‚Äôall not using the term ‚Äúmorally gray‚Äù when what you‚Äôre going for is ‚Äúmultifaceted‚Äù.,3,Bonus
fofaadopts,Sat Oct 17 19:01:25 +0000 2020,"RT @sahleia: üíúSahleia‚Äôs 1.5k Art raffleüíú 
üíúThank you for the support üíú

Prize 1 :character sheet
Prize 2 : full body (simple background)

üíú‚Ä¶",0,Bonus
Queensharkey,Sat Oct 17 19:01:22 +0000 2020,@t0m_deSilv4 @TheUnmumsyMum One bonus is the student loan repayments will be nil üëçüèºü§£ Every cloud and all that!,0,Bonus
NianticHelp,Sat Oct 17 19:01:13 +0000 2020,"@Febrizio_14 We're sorry about the lost encounter, Trainer. If you experience any issues with the Bonus challenge,‚Ä¶ https://t.co/J7tWLPxnTT",0,Bonus
rmary3862,Sat Oct 17 19:01:08 +0000 2020,RT @mukeshmarda: Railway union calls for 'direct action' if productivity linked bonus not paid by October 20 - The Economic Times https://t‚Ä¶,0,Bonus
_Jimbo17_,Sat Oct 17 19:01:05 +0000 2020,RT @ABOFLONDON: Very very classy by the new West Ham player Benrahma ... was due a loyalty bonus by Brentford and agreed for that bonus to‚Ä¶,0,Bonus
jswoodhams,Sat Oct 17 19:01:05 +0000 2020,"RT @meg_photos: ‚ú®‚ú® PRINT PACK SALE ‚ú®‚ú® 
 but this time they‚Äôre my characters!

- $15 for one print pack (4 prints) 
- $45 for all 4 packs (1‚Ä¶",0,Bonus
