,id,text,created_at,did_report_as_spam,owner.id,owner.is_verified,owner.profile_pic_url,owner.username,likes,comments
0,17864891596937729,"No sirve ahorre 40 mil y cuando los quise sacar s√≥lo me dieron 30 mil y por favor desde hace 8 d√≠as tengo mi tarjeta de ahorros con una incidencia y no me solucionan, no puedo retirar del cajero, solo por ventanilla y me cobran 11 mil, tampoco me solucionan los pagos por la APP, me tienen perjudicado",1594222421,False,3092691268,False,https://instagram.fmex16-1.fna.fbcdn.net/v/t51.2885-19/s150x150/99057080_245687856866811_1538707733560164352_n.jpg?_nc_ht=instagram.fmex16-1.fna.fbcdn.net&_nc_ohc=YuK2ojC1npEAX91SLvz&oh=ccc534a6617d00994402dde694da1156&oe=5FB43931,johandukeleon,0,2
1,17849755034012983,Gracias por esta informaci√≥n ‚úÖ nos va a ayudar a mejorar nuestro ahorro üçÄ,1586983325,False,3612127618,False,https://instagram.fmex16-1.fna.fbcdn.net/v/t51.2885-19/s150x150/30830751_2039910076273440_8784730402758590464_n.jpg?_nc_ht=instagram.fmex16-1.fna.fbcdn.net&_nc_ohc=AxoqeC6v0vkAX89-c93&oh=1d4490796b11c6e361945cb06bfdfac8&oe=5FB47C0F,donature_oil,1,0
2,18101310556094006,üëç,1586983354,False,3612127618,False,https://instagram.fmex16-1.fna.fbcdn.net/v/t51.2885-19/s150x150/30830751_2039910076273440_8784730402758590464_n.jpg?_nc_ht=instagram.fmex16-1.fna.fbcdn.net&_nc_ohc=AxoqeC6v0vkAX89-c93&oh=1d4490796b11c6e361945cb06bfdfac8&oe=5FB47C0F,donature_oil,1,0
3,17862443323810069,üîùMe encanta üëåüèΩ,1586986096,False,599416885,False,https://instagram.fmex16-1.fna.fbcdn.net/v/t51.2885-19/s150x150/119157451_186963499627679_2998551044953704403_n.jpg?_nc_ht=instagram.fmex16-1.fna.fbcdn.net&_nc_ohc=ddn4TdlMcjEAX8gktaz&oh=542d9e6b84f19c514a5940fd766fd35e&oe=5FB2FAFC,alejatogra,1,0
4,17903866606452361,"Fabuloso, super importante las recomendaciones üëè",1586991388,False,1125340647,False,https://instagram.fmex16-1.fna.fbcdn.net/v/t51.2885-19/11373637_1604174566502161_1951655766_a.jpg?_nc_ht=instagram.fmex16-1.fna.fbcdn.net&_nc_ohc=PxegAXm9qH8AX8fAVbh&oh=28c03abb83ef25ba26b86cd2710486f5&oe=5FB366C6,hermannvaron,1,0
5,17845839119065533,Excelentes recomendaciones! üëè,1586991472,False,4164768698,False,https://instagram.fmex16-1.fna.fbcdn.net/v/t51.2885-19/s150x150/117558421_1171022409940849_6445073496783013872_n.jpg?_nc_ht=instagram.fmex16-1.fna.fbcdn.net&_nc_ohc=L94b1sC-TXEAX_xppFI&oh=e7742fb0b673c3c06753e9d97c8d4692&oe=5FB2CFF9,jmwandurraga,1,0
6,17907002347442009,üîùüîùüîùüîù,1586992197,False,290238329,False,https://instagram.fmex16-1.fna.fbcdn.net/v/t51.2885-19/s150x150/49844027_275255426495425_669371748298260480_n.jpg?_nc_ht=instagram.fmex16-1.fna.fbcdn.net&_nc_ohc=d5X5WRqQ0eAAX-Hho_z&oh=93cc7fd6f698967058e4e8105768d727&oe=5FB497BB,mcarobastidas,1,0
7,17892267244498740,üëèüëèüëèüëè,1586994065,False,516574783,False,https://instagram.fmex16-1.fna.fbcdn.net/v/t51.2885-19/s150x150/73150964_433047280731536_8788904501084946432_n.jpg?_nc_ht=instagram.fmex16-1.fna.fbcdn.net&_nc_ohc=tqUgO_ykCNoAX-18Yp3&oh=135dd2ae607315b9909f3b825d774150&oe=5FB2D252,anjitoperez,1,0
8,17898762475459316,üëèüëèüëè,1586999054,False,257977740,False,https://instagram.fmex16-1.fna.fbcdn.net/v/t51.2885-19/s150x150/116836154_2632250760377125_552426672879940938_n.jpg?_nc_ht=instagram.fmex16-1.fna.fbcdn.net&_nc_ohc=VnovMdy0LEAAX_eURKd&oh=b2d64657455854a9b2f08da91228c346&oe=5FB4EB06,jucabripe,1,0
9,18050950840225837,"Hice un libre inversi√≥n y en este momento no vale la pena, mi capital incluso a bajado en ocasiones porque se maneja de acuerdo a la bolsa de valores, en este momento recupere por lo menos mi capital a la vista, pero si voy a sacar mi  inversi√≥n, no me dejan sacarla toda ejemplo de 40.000 me dan solo 30.000, si esto es de un monto peque√±o,no me imagino que pasa con los montos altos, no es momento de ahorrar en Bancos y agradezco la explicaci√≥n de mi caso, me pueden contactar",1587003821,False,3092691268,False,https://instagram.fmex16-1.fna.fbcdn.net/v/t51.2885-19/s150x150/99057080_245687856866811_1538707733560164352_n.jpg?_nc_ht=instagram.fmex16-1.fna.fbcdn.net&_nc_ohc=YuK2ojC1npEAX91SLvz&oh=ccc534a6617d00994402dde694da1156&oe=5FB43931,johandukeleon,3,6
10,17843088665113814,Que buena iniciativa. Gracias por la informaci√≥n.,1587091847,False,6521149668,False,https://instagram.fcgh31-1.fna.fbcdn.net/v/t51.2885-19/44884218_345707102882519_2446069589734326272_n.jpg?_nc_ht=instagram.fcgh31-1.fna.fbcdn.net&_nc_ohc=MVEG8QTyVK4AX-3U_md&oh=80d72bbadd9ca6b0d5a96cd00a73139a&oe=5FB5D50F&ig_cache_key=YW5vbnltb3VzX3Byb2ZpbGVfcGlj.2,mv8235,1,0
11,18095966359149415,Excelentes recomendaciones üëèüëè,1587138370,False,1593164172,False,https://instagram.fmex16-1.fna.fbcdn.net/v/t51.2885-19/s150x150/59144930_399164890670188_2044765751314743296_n.jpg?_nc_ht=instagram.fmex16-1.fna.fbcdn.net&_nc_ohc=W1niqr_AOQgAX_Q7Krv&oh=716ea516d5756ac44a0ed36ad99d022f&oe=5FB420F6,carolinacarmona3,1,0
12,17870597893684823,Cuando los clientes se retiran...ah si se acuerdan de bajar las cuotas de comision,1587603353,False,5939808002,False,https://instagram.fmex16-1.fna.fbcdn.net/v/t51.2885-19/s150x150/21108101_350555695399838_7420214950607454208_a.jpg?_nc_ht=instagram.fmex16-1.fna.fbcdn.net&_nc_ohc=Iefsa0Mu90UAX_M_rik&oh=9340ae378e6f72ddfe0322b8761c360a&oe=5FB34527,richar9876,0,0
13,18110065141117516,Bbva te amo ‚ù§Ô∏è‚ù§Ô∏èüòò,1585616255,False,26464804506,False,https://instagram.fmex16-1.fna.fbcdn.net/v/t51.2885-19/s150x150/117306842_653179558678778_4673963169176558374_n.jpg?_nc_ht=instagram.fmex16-1.fna.fbcdn.net&_nc_ohc=4AmWPnlGAxYAX_YydoY&oh=0c530935d648738919b415915b820d00&oe=5FB31D7C,annaparraenriquez,1,0
14,17854555747884738,Bbva me pasas tu n√∫mero si gustas anotar mi n√∫mero para que me mandes mensajes es 6251463033,1585627608,False,26464804506,False,https://instagram.fmex16-1.fna.fbcdn.net/v/t51.2885-19/s150x150/117306842_653179558678778_4673963169176558374_n.jpg?_nc_ht=instagram.fmex16-1.fna.fbcdn.net&_nc_ohc=4AmWPnlGAxYAX_YydoY&oh=0c530935d648738919b415915b820d00&oe=5FB31D7C,annaparraenriquez,1,0
15,18056133406217957,Est√°n ustedes comprometidos limpiando los cajeros autom√°ticos constantemente en todo el pa√≠s @bco_occidente  recuerdes que uno de los focos contaminantes es el cajero autom√°tico üîéü¶†ü¶†ü¶†ü¶†,1585670738,False,10702537272,False,https://instagram.fmex16-1.fna.fbcdn.net/v/t51.2885-19/s150x150/118327055_202590817956150_2327648489445716385_n.jpg?_nc_ht=instagram.fmex16-1.fna.fbcdn.net&_nc_ohc=FlHd12iSGI0AX8gr5mb&oh=3bb7b458c83a2fd39782501a7c815ca9&oe=5FB3D25A,shalom_aqui,1,0
16,17951017327360526,"A mi cobraron 11000 que me quedaban en la cuenta de ahorros, y yo hab√≠a le√≠do bien las condiciones... pr√°cticamente me los cobraron sin justificaci√≥n.",1597194568,False,2251161807,False,https://instagram.fmex16-1.fna.fbcdn.net/v/t51.2885-19/s150x150/13285328_236797290030181_904633562_a.jpg?_nc_ht=instagram.fmex16-1.fna.fbcdn.net&_nc_ohc=abegdBNO7zUAX9Am0zW&oh=da73de1004266dbc9411458e7a232a66&oe=5FB5A693,monsalvediego12,0,1
17,17894328751481429,Como puedo saber que sucursales del banco est√°n abiertas en Bogot√° en esta cuarentena y los horarios????,1587332917,False,6961491319,False,https://instagram.fmex16-1.fna.fbcdn.net/v/t51.2885-19/s150x150/121472123_383038879538107_9061647554979037525_n.jpg?_nc_ht=instagram.fmex16-1.fna.fbcdn.net&_nc_ohc=uq1JfDHcJ5MAX-MGz22&oh=dacd40b822c79c2e7d48e84a9dedebff&oe=5FB45151,lilimarinmdn,0,0
18,17859041558088700,Para informaci√≥n?,1596857524,False,29399382727,False,https://instagram.fmex16-1.fna.fbcdn.net/v/t51.2885-19/s150x150/121726445_165932745176163_2266846154926744256_n.jpg?_nc_ht=instagram.fmex16-1.fna.fbcdn.net&_nc_ohc=xQDjZf-IRKsAX-e8d2A&oh=e5777aafa26515e5e013caa624bc19f2&oe=5FB29632,lulustint,1,1
19,17858722595097659,No permite hacer la inversi√≥n desde la cuenta  digital üòî,1596886220,False,1465624852,False,https://instagram.fmex16-1.fna.fbcdn.net/v/t51.2885-19/s150x150/13736877_1758019941154382_1399878766_a.jpg?_nc_ht=instagram.fmex16-1.fna.fbcdn.net&_nc_ohc=dVw_yqLgXb8AX9srQdx&oh=df42c2a716156e881dedb72589d666be&oe=5FB5AEE4,giraldojonnatan,2,1
20,17927202886420146,Mas informacion,1596895262,False,9375641902,False,https://instagram.fmex16-1.fna.fbcdn.net/v/t51.2885-19/s150x150/44444528_2120959424620784_1898417188834902016_n.jpg?_nc_ht=instagram.fmex16-1.fna.fbcdn.net&_nc_ohc=xYoGj0GIXY4AX_eGPOb&oh=faeeee327c70b01cf860f3f685197d67&oe=5FB23CE9,rinconrincongabriel,2,1
21,18097964137173333,M√°s informaci√≥n por favor,1596939924,False,38057057542,False,https://instagram.fmex16-1.fna.fbcdn.net/v/t51.2885-19/s150x150/118348484_238563040926607_5510726483479645375_n.jpg?_nc_ht=instagram.fmex16-1.fna.fbcdn.net&_nc_ohc=MWW9B1U9XN8AX8CG40A&oh=e5a788aedfc1ebf2c54c9ddac1f01116&oe=5FB60D59,linamar.ab,1,1
22,17872472347876356,Informaci√≥n,1596979043,False,10865548744,False,https://instagram.fmex16-1.fna.fbcdn.net/v/t51.2885-19/s150x150/85128767_2245436805762470_2019776252902113280_n.jpg?_nc_ht=instagram.fmex16-1.fna.fbcdn.net&_nc_ohc=63b8zENCYEMAX_f6JYx&oh=db0f452339220f295a8576561d14c1ea&oe=5FB49ADA,johan.joven.96,1,1
23,18114265927131118,M√°s informaci√≥n,1596980949,False,1436372681,False,https://instagram.fmex16-1.fna.fbcdn.net/v/t51.2885-19/s150x150/84451878_1119122248258091_6957830440946237440_n.jpg?_nc_ht=instagram.fmex16-1.fna.fbcdn.net&_nc_ohc=WnnZvTFGLPAAX-lBohc&oh=fb6330bad042ab57ed08aae5afbdfdbf&oe=5FB4F9F6,darlingkeith,1,1
24,17849163842252731,Quiero informaci√≥n gracias,1597007163,False,17920939288,False,https://instagram.fmex16-1.fna.fbcdn.net/v/t51.2885-19/s150x150/67405117_345575603018601_5838128966480691200_n.jpg?_nc_ht=instagram.fmex16-1.fna.fbcdn.net&_nc_ohc=k9uEkmUKXQ0AX-7-yVz&oh=cb1a32d79ca25e32e5a0ee32607b113b&oe=5FB6243B,karolramos575,2,1
27,18075583063211033,Informaci√≥n por favor,1597542652,False,8899559026,False,https://instagram.fmex16-1.fna.fbcdn.net/v/t51.2885-19/s150x150/42949607_1959650617462867_3725457029142151168_n.jpg?_nc_ht=instagram.fmex16-1.fna.fbcdn.net&_nc_ohc=uwbofDVytXkAX93Y0I3&oh=eef935b32eccfa4b2e2506f074072ed6&oe=5FB3351D,geovannyvelandiav,0,0
28,17846516972028108,Interesado,1585339886,False,3320314308,False,https://instagram.fkul21-1.fna.fbcdn.net/v/t51.2885-19/44884218_345707102882519_2446069589734326272_n.jpg?_nc_ad=z-m&_nc_ht=instagram.fkul21-1.fna.fbcdn.net&_nc_ohc=MVEG8QTyVK4AX95ni68&oh=0638e373ede649f4675d3e422521f950&oe=5FB5D50F&ig_cache_key=YW5vbnltb3VzX3Byb2ZpbGVfcGlj.2,cristihan19,1,0
29,17870551051635539,"Invert√≠ en este fondo y aparte de perder toda la rentabilidad no me devolvieron la totalidad de mi dinero, no lo recomiendo para nada",1585355017,False,428295888,False,https://instagram.fmex16-1.fna.fbcdn.net/v/t51.2885-19/s150x150/12934977_1702317193373655_1459584231_a.jpg?_nc_ht=instagram.fmex16-1.fna.fbcdn.net&_nc_ohc=FqgXKUz7MbYAX9LnqmO&oh=119fb52adeec92ec9e03a4083c8417bb&oe=5FB23FA3,diana_herrera_1,2,1
30,17867286208695357,"Bancolombia congel√≥ los cobros de cuotas de creditos de forma automatica por 3 meses, que espera @bbva_colombia? Ante esta crisis por el covi 19",1585535200,False,1829546165,False,https://instagram.fmex16-1.fna.fbcdn.net/v/t51.2885-19/s150x150/96024703_269407534237409_1517097974977527808_n.jpg?_nc_ht=instagram.fmex16-1.fna.fbcdn.net&_nc_ohc=eF72XRTNvQkAX8-EuBP&oh=90bc4ad8dbe6392f3924ce175402b511&oe=5FB45B8B,lindagazcon,1,0
31,17912197003435787,"Hola buenas tardes, informaci√≥n por favor",1590443132,False,8378854144,False,https://instagram.fmex16-1.fna.fbcdn.net/v/t51.2885-19/s150x150/37997017_306140196789424_2788255226254065664_n.jpg?_nc_ht=instagram.fmex16-1.fna.fbcdn.net&_nc_ohc=31RrK8savgwAX-T2aFv&oh=b6f72d36198463a9cc50402f54746e93&oe=5FB5A9F8,joseapirelau,0,1
32,18116925676125806,Se necesita tener cuenta de ahorros con el banco?,1593896350,False,25306122435,False,https://instagram.fmex16-1.fna.fbcdn.net/v/t51.2885-19/s150x150/118210568_326863965177292_1978675064316359055_n.jpg?_nc_ht=instagram.fmex16-1.fna.fbcdn.net&_nc_ohc=FMr8cB8-3RQAX8-a2qQ&oh=42a79a2d436d0cef14bdca501e2cdb6e&oe=5FB6018A,tiago.mesan,0,1
33,17874358906754416,"Buen dia! Descargue la aplicaci√≥n movil para tratar de hacer el proceso, me ofrece dos productos al no tener productos activos con uds en este momento , seleccione el de giros he intendo reslizar el proceso 6 veces y me dice al final que la operaci√≥n falla. Como m√°s puedo acceder para hacer ls inversi√≥n? Quedo atenta",1593963065,False,1067572080,False,https://instagram.fmex16-1.fna.fbcdn.net/v/t51.2885-19/s150x150/115825664_609894766613242_5651336847786350961_n.jpg?_nc_ht=instagram.fmex16-1.fna.fbcdn.net&_nc_ohc=6ollAKbfMkgAX8FIM_q&oh=9e041518258f45f571453149d0ee4c39&oe=5FB29A32,ana_kris0312,0,1
34,17861379959026647,"Toda la informaci√≥n de este y todos los fondos la puedes encontrar en nuestra plataforma, con√≥cenos!

https://capital-analytics.co

#finanzasinteligentes #analytics #fics #fondos",1595962484,False,39386663231,False,https://instagram.fluh3-1.fna.fbcdn.net/v/t51.2885-19/44884218_345707102882519_2446069589734326272_n.jpg?_nc_ht=instagram.fluh3-1.fna.fbcdn.net&_nc_ohc=MVEG8QTyVK4AX9aumoi&oh=3d6a22c84d49f8f6066c8e2b04faa719&oe=5FB5D50F&ig_cache_key=YW5vbnltb3VzX3Byb2ZpbGVfcGlj.2,anality_c,1,0
35,17921854822430677,Me encanta!!,1596133006,False,465822730,False,https://instagram.fmex16-1.fna.fbcdn.net/v/t51.2885-19/11375229_1174527669240685_20671746_a.jpg?_nc_ht=instagram.fmex16-1.fna.fbcdn.net&_nc_ohc=GIVg70-30E4AX90gKnt&oh=b0090ed27fb2af299a9cfa7c90fe881e&oe=5FB2DD20,gvergara40,1,0
36,17881256638711273,Si bien fondo registr√≥ disminuci√≥n de AUM de COP 2.693 millones a marzo y de 8.46% en # de inversionistas. Al cierre de junio registra recuperaci√≥n en todos sus  indicadores. A cierre de junio rentabilidad a 30 d√≠a fu√© de 35.35% EA,1595546640,False,39386663231,False,https://instagram.fmex16-1.fna.fbcdn.net/v/t51.2885-19/44884218_345707102882519_2446069589734326272_n.jpg?_nc_ht=instagram.fmex16-1.fna.fbcdn.net&_nc_ohc=MVEG8QTyVK4AX87r0FP&oh=8a7233f979b8cd5d2a77f0100457eec5&oe=5FB5D50F&ig_cache_key=YW5vbnltb3VzX3Byb2ZpbGVfcGlj.2,anality_c,0,0
37,17885213416650685,üôã‚Äç‚ôÄÔ∏è,1595560705,False,28134330451,False,https://instagram.fmex16-1.fna.fbcdn.net/v/t51.2885-19/s150x150/104293542_258393611920996_8781364734717738929_n.jpg?_nc_ht=instagram.fmex16-1.fna.fbcdn.net&_nc_ohc=8_LuKHJ_QiAAX8-viY2&oh=67df91fffb05c060439f52707cd9bb3a&oe=5FB5925A,consultora.mary11,1,0
38,17864744185986445,"Hola buen d√≠a, me acerqu√© a la oficina para realizar la apertura con 100.000, pero que no se pod√≠a. se debe hacer con m√≠nimo 500.000 pues el sistema no deja menos.",1596417937,False,36145791,False,https://instagram.fmex16-1.fna.fbcdn.net/v/t51.2885-19/s150x150/47055061_383091312438187_7994602651046117376_n.jpg?_nc_ht=instagram.fmex16-1.fna.fbcdn.net&_nc_ohc=pKJWk0xa2xkAX-kAgvn&oh=0445177cbdacbe5d404b9a4e94db6fae&oe=5FB39DB1,juanrdavidc,1,2
39,17850650273121036,D√≥nde lo abro en la.pagina no hay enlace para uno realizarlo me dan una gu√≠a por favor,1593209081,False,5387257413,False,https://instagram.fmex16-1.fna.fbcdn.net/v/t51.2885-19/s150x150/18160369_463996473931330_3847177927024181248_a.jpg?_nc_ht=instagram.fmex16-1.fna.fbcdn.net&_nc_ohc=EZhxZ5i5aWYAX_MQT1L&oh=729667ba2738f1d8e78f85c4689ced60&oe=5FB4E36F,juanguillermojimenezortiz,0,1
40,17953750852338565,j,1593222338,False,564784784,False,https://instagram.fmex16-1.fna.fbcdn.net/v/t51.2885-19/11422014_736720133117435_2141048636_a.jpg?_nc_ht=instagram.fmex16-1.fna.fbcdn.net&_nc_ohc=-CmmlHwsZZ0AX99Mmq4&oh=a36af449f1a6a78cc9ca9efab17a8969&oe=5FB46F29,mapisantiago,0,0
41,17859398414004061,El 8% mensual o anual?,1593224137,False,1352992530,False,https://instagram.fmex16-1.fna.fbcdn.net/v/t51.2885-19/s150x150/46056189_2297021296976592_8856063023496822784_n.jpg?_nc_ht=instagram.fmex16-1.fna.fbcdn.net&_nc_ohc=ls05GC_nUvIAX8iWcCx&oh=11c61e9cee37178deb3d83c72c31da16&oe=5FB33158,r.a.b.c.11,0,4
42,17881863973644454,@shirlydelarosa q tal?,1593260228,False,497419935,False,https://instagram.fmex16-1.fna.fbcdn.net/v/t51.2885-19/s150x150/106246049_2037466819711466_7933879084675157193_n.jpg?_nc_ht=instagram.fmex16-1.fna.fbcdn.net&_nc_ohc=I4VSKInhY1IAX95HdB5&oh=4777ae0cafbfd259127da461e2d8da02&oe=5FB52D4F,elecboy22,1,1
43,17861319133967707,Pero se debe abrir primero una cuenta de ahorros con ellos,1593260825,False,1764510166,False,https://instagram.fmex16-1.fna.fbcdn.net/v/t51.2885-19/s150x150/118814167_2047450235378812_1061920469511595896_n.jpg?_nc_ht=instagram.fmex16-1.fna.fbcdn.net&_nc_ohc=PixHG231YTQAX_LOIgI&oh=f22a29046b642740550812b19bc7ff03&oe=5FB50EB5,lina_marcelam,0,0
44,17888488003583408,Y cobran cuota de manejo como de 13000,1593260837,False,1764510166,False,https://instagram.fmex16-1.fna.fbcdn.net/v/t51.2885-19/s150x150/118814167_2047450235378812_1061920469511595896_n.jpg?_nc_ht=instagram.fmex16-1.fna.fbcdn.net&_nc_ohc=PixHG231YTQAX_LOIgI&oh=f22a29046b642740550812b19bc7ff03&oe=5FB50EB5,lina_marcelam,0,0
45,17854162154090120,No queden como incautos que en realidad si convierte la tasa a efectiva mensual que es lo que en verdad  te pagar√°n en un mes ser√≠a 0.64% de tu inversi√≥n.,1593275186,False,1531789466,False,https://instagram.fmex16-1.fna.fbcdn.net/v/t51.2885-19/s150x150/92548681_218772152747273_6877098838331490304_n.jpg?_nc_ht=instagram.fmex16-1.fna.fbcdn.net&_nc_ohc=lD1Jz67cE6gAX9IkVl9&oh=e596e1843304bbe9c63bcd3b7afcaf4d&oe=5FB45CD1,alvaro1.85,1,0
46,17870316871792885,0.675 mensual,1593276124,False,7364405613,False,https://instagram.fmex16-1.fna.fbcdn.net/v/t51.2885-19/s150x150/29414526_417170008731637_2795796467271335936_n.jpg?_nc_ht=instagram.fmex16-1.fna.fbcdn.net&_nc_ohc=-7y5yjBhGjMAX85goJO&oh=4e16fda9cd9274c4c705a62fb608cc48&oe=5FB29403,artegranadina,0,1
47,18135993547077971,"Juemadreeee, estoy perdiendo mi oportunidad de ser rico!!! Ya mismo la abro. üñï Cvs",1593282986,False,4137500709,False,https://instagram.fmex16-1.fna.fbcdn.net/v/t51.2885-19/s150x150/117169218_876218609448290_2572061568366555240_n.jpg?_nc_ht=instagram.fmex16-1.fna.fbcdn.net&_nc_ohc=XVh5lRpF5r4AX8dD-Hi&oh=b7394333d6067e57f896614e13f0bffb&oe=5FB4C721,delwisrodriguez,1,0
48,17858434487013413,"Esa tasa de retanbilidad es ocasional y no garantizada, por lo que es mi opini√≥n la pieza publicitaria es enga√±osa con el consumidor.",1593287430,False,224118525,False,https://instagram.fmex16-1.fna.fbcdn.net/v/t51.2885-19/s150x150/97141312_244562736781006_6306020650712563712_n.jpg?_nc_ht=instagram.fmex16-1.fna.fbcdn.net&_nc_ohc=4AeplVwieaEAX8FXX0R&oh=057333230e3dd33d26c8ed889635e75f&oe=5FB5B17A,diegomauriciomg,2,1
49,17888662312585387,Osea 640 pesos por cada 100.000 !! Solo es para tambi√©n informar a las gente que opera el 8.01%de 20.000 !!,1593299322,False,1007135685,False,https://instagram.fmex16-1.fna.fbcdn.net/v/t51.2885-19/s150x150/67534653_659857927829355_546156450905325568_n.jpg?_nc_ht=instagram.fmex16-1.fna.fbcdn.net&_nc_ohc=ha3ecovfwn0AX9qvG6u&oh=a25e9a75d776b107263229738cccb80f&oe=5FB5ACEE,camilo10_oficial,2,7
50,17871299215785287,"Esto es real, n",1593310062,False,704330499,False,https://instagram.fmex16-1.fna.fbcdn.net/v/t51.2885-19/s150x150/120896329_783844849072349_7690195390360073188_n.jpg?_nc_ht=instagram.fmex16-1.fna.fbcdn.net&_nc_ohc=U_-D64uEHdIAX_8S9gy&oh=dc96ffef24689bda782a3d4335900ccb&oe=5FB5ACBD,daniloalvaradod,0,0
51,17857760609034681,"Eso es publicidad enga√±osa, intentan confundir a la gente, no tiene se todo que digan ‚Äúrentabilidad mensual de 8,01 EA‚Äù deber√≠an decir 0.67 mensual o 8,01 anual. Ratas!",1593326621,False,417513677,False,https://instagram.fmex16-1.fna.fbcdn.net/v/t51.2885-19/s150x150/69314030_328944884511584_9122880178769362944_n.jpg?_nc_ht=instagram.fmex16-1.fna.fbcdn.net&_nc_ohc=MnHrhcPuPU8AX9apXaT&oh=8db4a9ab92d60689e37fe66bbd8030c3&oe=5FB5C269,nicolasnavas26,10,1
52,18121633321107436,"Y a que valor E.A es que ustedes prestan a los colombianos, me regala el valor mensual y el anual por favor.",1593332976,False,16458943960,False,https://instagram.fmex16-1.fna.fbcdn.net/v/t51.2885-19/s150x150/120309400_762238491174922_5073581749327022699_n.jpg?_nc_ht=instagram.fmex16-1.fna.fbcdn.net&_nc_ohc=BuK4ulcVLokAX_qYE74&oh=2134ab3f2d0991b0a2ce44190748bebf&oe=5FB5D96C,estudioexcel,2,0
53,17866676977890368,Me interesa,1593358216,False,6887059416,False,https://instagram.fmex16-1.fna.fbcdn.net/v/t51.2885-19/s150x150/75538178_2584893678397000_1584066479446294528_n.jpg?_nc_ht=instagram.fmex16-1.fna.fbcdn.net&_nc_ohc=CYC0OIcxNpcAX8PWEwo&oh=1570d9ff8766ead77bc19a99a6697c0b&oe=5FB40EF9,alxjaramill0,0,2
54,17871294802785914,Pura publicidad caza tontos,1593382404,False,8514764319,False,https://instagram.fmex16-1.fna.fbcdn.net/v/t51.2885-19/s150x150/39915856_901404726715916_6103105242935590912_n.jpg?_nc_ht=instagram.fmex16-1.fna.fbcdn.net&_nc_ohc=TvCKYbgNjJgAX_VZTlc&oh=6540bf67184c5fefdab4bdd20ade8112&oe=5FB27F09,guayambucolc,1,0
55,18094304986198670,La m√≠a mmmmjjjj,1593389218,False,1697167108,False,https://instagram.fmex16-1.fna.fbcdn.net/v/t51.2885-19/s150x150/93082434_684723942264438_5730435942888505344_n.jpg?_nc_ht=instagram.fmex16-1.fna.fbcdn.net&_nc_ohc=lKVhowmruT4AX8PTR47&oh=881ff0797f38c14938c420f5ab498c64&oe=5FB4B047,joseveroe,0,0
56,17927989441402685,Rentabilidad mensual de 8.01% EAü§î...que forma de jugar con las palabras para enga√±ar a la gente!,1593390610,False,475748857,False,https://instagram.fmex16-1.fna.fbcdn.net/v/t51.2885-19/s150x150/22352440_1552981968125851_4639664839847837696_n.jpg?_nc_ht=instagram.fmex16-1.fna.fbcdn.net&_nc_ohc=SURW8uTlIusAX_C_Wt-&oh=b2c30dc56e60e3ecae0bb2da98056400&oe=5FB59B1F,frank_scarpati,3,0
57,17855720825072168,üòÇüòÇüòÇüòÇüòÇ Y pensar que por un momento pense en que podr√≠a ser una buena oportunidad. Prefiero perder mi dinero en CFD's,1593423253,False,3178828594,False,https://instagram.fmex16-1.fna.fbcdn.net/v/t51.2885-19/s150x150/101066873_947999528970837_2635523453314138112_n.jpg?_nc_ht=instagram.fmex16-1.fna.fbcdn.net&_nc_ohc=bR8cyjM9dqwAX-vqF48&oh=6423c5a47cc012734af6cb55fe73a763&oe=5FB54847,charlie_prestan,0,0
58,17845022171244110,"Publicidad enga√±osa, escriban 8 % efectivo anual! No enga√±en a la gente",1593454358,False,354423032,False,https://instagram.fmex16-1.fna.fbcdn.net/v/t51.2885-19/s150x150/82620209_170949757471628_4778431522329853952_n.jpg?_nc_ht=instagram.fmex16-1.fna.fbcdn.net&_nc_ohc=hFuqynEedKQAX-unJ1c&oh=11b6b5e133274c5912975874a73f4832&oe=5FB43000,sansotmon,0,1
59,18066609025223041,Q locura as√≠ es Bancolombia haces una inversi√≥n de 3 millones y en un a√±o te dan una ganancia de 150mil pesos anuales osea juegan con nuestro dinero se haces m√°s millonarios y ahora quieren seguir jugando con nuestras inversiones y la culpa la tiene el ministerio de haciendo y la s√∫per intendencias financiera que permiten est√°s estafas y explotaci√≥n de  recuersos para el beneficio de banqueros,1593459088,False,868120256,False,https://instagram.fmex16-1.fna.fbcdn.net/v/t51.2885-19/s150x150/121293354_820154845402461_4753982784038483583_n.jpg?_nc_ht=instagram.fmex16-1.fna.fbcdn.net&_nc_ohc=f2LYolPevdIAX8QJkvv&oh=cd9a9908154f70a979d2e09bc13bb3ec&oe=5FB2FEC9,harevalo24,1,0
60,18135206389024474,P√©simo servicio tengo un problema con mi tarjeta y ninguna de las l√≠neas de atenci√≥n sirven,1586191863,False,1369042281,False,https://instagram.fmex16-1.fna.fbcdn.net/v/t51.2885-19/s150x150/60622686_288296088717910_8493804599621189632_n.jpg?_nc_ht=instagram.fmex16-1.fna.fbcdn.net&_nc_ohc=SsY_v0L17ksAX91WhJ5&oh=8fdfd11496529bbabb10b247e7313ecd&oe=5FB4F697,gabriela_mj19,0,1
61,18142195300050793,Y con la subida del dolar que rentabilidad hay?,1589341841,False,1620971838,False,https://instagram.fmex16-1.fna.fbcdn.net/v/t51.2885-19/s150x150/121489400_2862699080722999_6416681362925007757_n.jpg?_nc_ht=instagram.fmex16-1.fna.fbcdn.net&_nc_ohc=Q1e3wwaLluUAX84oKeY&oh=3acf4b8c84619d65b5baa06b917953dd&oe=5FB522EF,conscientesempiterno1021,3,5
62,18064555027208379,@monsalvemayra,1589353382,False,1630946308,False,https://instagram.fmex16-1.fna.fbcdn.net/v/t51.2885-19/s150x150/53205276_1262767647207140_7809270126414397440_n.jpg?_nc_ht=instagram.fmex16-1.fna.fbcdn.net&_nc_ohc=nLFEEMtWMXQAX85P9yp&oh=54ade928ed47a275602529425aba6853&oe=5FB3DC7B,narahari1022,1,0
63,18028659937269658,üòÇüòÇüòÇüòÇüòÇ metes un Mill√≥n y reciben 82mil pesos jajajajaj nomejodas,1589353688,False,454142928,False,https://instagram.fmex16-1.fna.fbcdn.net/v/t51.2885-19/s150x150/30087964_186612768816045_9044901126205341696_n.jpg?_nc_ht=instagram.fmex16-1.fna.fbcdn.net&_nc_ohc=WKMdj9zligUAX-n3OnJ&oh=b9a78330a1c68eb2bc1ca8c74574af77&oe=5FB3DCC2,adilazneuf,2,5
64,17858525476903917,Est√°n bobitosü§£ü§£ü§£,1589354658,False,5670511649,False,https://instagram.fmex16-1.fna.fbcdn.net/v/t51.2885-19/s150x150/106815208_277049840042569_7134127226546397918_n.jpg?_nc_ht=instagram.fmex16-1.fna.fbcdn.net&_nc_ohc=VQdpLpkHpKEAX-Nneef&oh=eb066038091551494fc21912e6048d78&oe=5FB5D7A3,alexgmvi,1,0
65,17891822188502356,"Buenas tardes, como adquiero el fondo BBVA digital?",1589406338,False,2061925993,False,https://instagram.fmex16-1.fna.fbcdn.net/v/t51.2885-19/s150x150/100100876_295321238147329_5408006090778476544_n.jpg?_nc_ht=instagram.fmex16-1.fna.fbcdn.net&_nc_ohc=3sMi2q-K8dUAX-jGXJn&oh=95952950e55b983ca34f140f218cfe43&oe=5FB4BBEF,hsantiagorincon,2,1
66,17951929912336513,Requisitos para acceder?,1589452765,False,6913721678,False,https://instagram.fmex16-1.fna.fbcdn.net/v/t51.2885-19/s150x150/37382381_373126836552489_7963294568546304000_n.jpg?_nc_ht=instagram.fmex16-1.fna.fbcdn.net&_nc_ohc=90DiJYu-L10AX_5lGKw&oh=5e29ccc08e2e51cc392738d7718db313&oe=5FB49AD3,darkalex05,1,1
67,17882554642592386,"Pues en Colombia por 2.000.000 ""me dieron 4900 por un mes",1589467139,False,20419608552,False,https://instagram.fmex16-1.fna.fbcdn.net/v/t51.2885-19/s150x150/80818877_587778365347216_5474514737393827840_n.jpg?_nc_ht=instagram.fmex16-1.fna.fbcdn.net&_nc_ohc=zEH15aYASFAAX94FQqd&oh=9097f575f8ef41bcb127f27e2ef194c5&oe=5FB46D25,angeltsuki_,2,1
68,17951921884328734,Me interesa. Contactense conmigo.,1589578642,False,4518176986,False,https://instagram.fmex16-1.fna.fbcdn.net/v/t51.2885-19/s150x150/83201748_2531838640468469_6446776955319615488_n.jpg?_nc_ht=instagram.fmex16-1.fna.fbcdn.net&_nc_ohc=fMrmTH3IIlQAX9BYAvl&oh=7cfd10a2fe9121a40d62d6b253f7753c&oe=5FB338F7,opavaniebles,1,1
69,17847152351110660,Donde puedo obtener mas informaci√≥n?,1589591259,False,298775453,False,https://instagram.fmex16-1.fna.fbcdn.net/v/t51.2885-19/s150x150/69938882_1348932908588912_9074982033469472768_n.jpg?_nc_ht=instagram.fmex16-1.fna.fbcdn.net&_nc_ohc=YG4NySPNdycAX-pElQh&oh=e36c3a4ad8e6aeaa0f00a1d61a7c744c&oe=5FB2F219,s_lozanom,1,1
70,18115778953117176,Mejor sigo con OMEGAPRO,1589595930,False,4229016365,False,https://instagram.fmex16-1.fna.fbcdn.net/v/t51.2885-19/s150x150/81148321_496142847773963_3259691997966893056_n.jpg?_nc_ht=instagram.fmex16-1.fna.fbcdn.net&_nc_ohc=hRSu3qpOd_MAX9nsjWk&oh=0fbb1f676f447e4db5d7b787bf479928&oe=5FB525BF,mayck_moreno,1,0
71,17863611502840516,El contrato es por diecis√©is meses y te ganas el triple de tu inversi√≥n,1589596000,False,4229016365,False,https://instagram.fmex16-1.fna.fbcdn.net/v/t51.2885-19/s150x150/81148321_496142847773963_3259691997966893056_n.jpg?_nc_ht=instagram.fmex16-1.fna.fbcdn.net&_nc_ohc=hRSu3qpOd_MAX9nsjWk&oh=0fbb1f676f447e4db5d7b787bf479928&oe=5FB525BF,mayck_moreno,0,0
72,18143798731034355,Cu√°les son las siguientes requisitos para acceder?,1589598695,False,6913721678,False,https://instagram.fmex16-1.fna.fbcdn.net/v/t51.2885-19/s150x150/37382381_373126836552489_7963294568546304000_n.jpg?_nc_ht=instagram.fmex16-1.fna.fbcdn.net&_nc_ohc=90DiJYu-L10AX_5lGKw&oh=5e29ccc08e2e51cc392738d7718db313&oe=5FB49AD3,darkalex05,1,1
73,17848718057100005,Como seria eso,1589660960,False,1362419780,False,https://instagram.fmex16-1.fna.fbcdn.net/v/t51.2885-19/s150x150/64386745_2344762115618209_3929325932543737856_n.jpg?_nc_ht=instagram.fmex16-1.fna.fbcdn.net&_nc_ohc=MRJnDjn8g-kAX9pCczb&oh=548e9b8c71010186fad9b0e998c91766&oe=5FB27E32,kaparrma,1,1
74,17875912054645209,"3208673895, m√°s informaci√≥n",1589732566,False,1706487240,False,https://instagram.fmex16-1.fna.fbcdn.net/v/t51.2885-19/s150x150/15043563_1807014912917494_2398569398924214272_a.jpg?_nc_ht=instagram.fmex16-1.fna.fbcdn.net&_nc_ohc=xnc7ByFHtFEAX_JP2dB&oh=4d8349c20642f877567ce4b79132bcbc&oe=5FB57274,reayamaya,1,1
75,18104720824084978,Yo ya me vincule y voy ganando d√≠a tras d√≠a,1589742769,False,5598899235,False,https://instagram.fmex16-1.fna.fbcdn.net/v/t51.2885-19/s150x150/19120497_1221822341280139_2435491080989310976_a.jpg?_nc_ht=instagram.fmex16-1.fna.fbcdn.net&_nc_ohc=tFmv_L4W5v4AX8_z1iA&oh=e295b85d552c246f0d4dbbe6d02fc249&oe=5FB2D1B8,vesgavega,1,1
76,17860374028880238,¬øDe qu√© trata?,1589771749,False,12575113443,False,https://instagram.fmex16-1.fna.fbcdn.net/v/t51.2885-19/s150x150/70574751_489506575223535_7244957315445555200_n.jpg?_nc_ht=instagram.fmex16-1.fna.fbcdn.net&_nc_ohc=Cs7itDlNjYQAX8Cw5h3&oh=3def0ddb076c6c7eb9a2c1d02e629073&oe=5FB4C45C,yerarsil_sandry10,1,0
77,17870838595795189,Me podrian explicar comones el tema,1592318443,False,567501094,False,https://instagram.fmex16-1.fna.fbcdn.net/v/t51.2885-19/s150x150/68687956_2342159379153674_3759836120632786944_n.jpg?_nc_ht=instagram.fmex16-1.fna.fbcdn.net&_nc_ohc=6TlSbXh6zMUAX9ygA_K&oh=b9b5e22749f7ad9f5daca367903594b4&oe=5FB424C4,oscarelchamo,0,0
79,17893988458485431,1.75 de comision en un fic agresivo...no me parece tan viable¬°¬°¬°,1588441087,False,5939808002,False,https://instagram.fmex16-1.fna.fbcdn.net/v/t51.2885-19/s150x150/21108101_350555695399838_7420214950607454208_a.jpg?_nc_ht=instagram.fmex16-1.fna.fbcdn.net&_nc_ohc=Iefsa0Mu90UAX_M_rik&oh=9340ae378e6f72ddfe0322b8761c360a&oe=5FB34527,richar9876,2,1
80,17876353366627555,"Excelentes recomendaciones,",1588456958,False,564784784,False,https://instagram.fmex16-1.fna.fbcdn.net/v/t51.2885-19/11422014_736720133117435_2141048636_a.jpg?_nc_ht=instagram.fmex16-1.fna.fbcdn.net&_nc_ohc=-CmmlHwsZZ0AX99Mmq4&oh=a36af449f1a6a78cc9ca9efab17a8969&oe=5FB46F29,mapisantiago,1,1
81,17867063830754251,Estafa bbva cuota de manejo de la tarjeta üí≥ sin una fecha clara y asesores no dan informaci√≥n correcta por lo que siguen cobrando,1589295670,False,2270995621,False,https://instagram.fmex16-1.fna.fbcdn.net/v/t51.2885-19/s150x150/22858272_1798573950172582_1569849867113594880_n.jpg?_nc_ht=instagram.fmex16-1.fna.fbcdn.net&_nc_ohc=X91q_yiSf0oAX-qHEhn&oh=6543141d53271d6dce4fd93d7d306177&oe=5FB378CE,theylorsaul,1,1
83,18135221536103274,Buenas tardes quiero m√°s informaci√≥n sobre el proceso,1600210808,False,219146864,False,https://instagram.fmex16-1.fna.fbcdn.net/v/t51.2885-19/s150x150/93101123_550728602513382_1399700326751141888_n.jpg?_nc_ht=instagram.fmex16-1.fna.fbcdn.net&_nc_ohc=JVa4rfJ203kAX_n0cLW&oh=f2873ad6b19ec01683567a9649cd1d76&oe=5FB4CB7A,lasaventurasdeivanna,0,0
84,18161705338040449,Quiero informaci√≥n,1600220424,False,3737998145,False,https://instagram.fmex16-1.fna.fbcdn.net/v/t51.2885-19/s150x150/26872518_546543705722478_3767988741654708224_n.jpg?_nc_ht=instagram.fmex16-1.fna.fbcdn.net&_nc_ohc=E-i41q6KiHYAX86wntM&oh=c6fc4ebc5d7a941d8f82267c9b036b6f&oe=5FB2D35C,soniavelandia41,0,0
85,17851274042273752,Muy buenas tardes por favor m√°s informaci√≥n,1600273836,False,37870291884,False,https://instagram.fmex16-1.fna.fbcdn.net/v/t51.2885-19/s150x150/106713289_3719121501451324_256246196020792021_n.jpg?_nc_ht=instagram.fmex16-1.fna.fbcdn.net&_nc_ohc=_49txC4jp2kAX8D8e57&oh=b5bc63d14e1c6964a29d3cc76e2bddc7&oe=5FB5B2AD,johanasebas01,0,0
86,17926037551435890,"Los bancos como siempre  dando poco en rentabilidad, en mi fondo al a√±o es un 60%.",1600318380,False,2132472733,False,https://instagram.fmex16-1.fna.fbcdn.net/v/t51.2885-19/s150x150/41055107_2248020248806755_1236307156492353536_n.jpg?_nc_ht=instagram.fmex16-1.fna.fbcdn.net&_nc_ohc=sEnIiGukYJMAX_q9LTG&oh=c0308e801e7290641d0ad2a19a2eacf4&oe=5FB52916,bjushep,0,0
87,17860747367131407,Y como..!?,1600388119,False,33433997617,False,https://instagram.fmex16-1.fna.fbcdn.net/v/t51.2885-19/s150x150/93269552_648260169287844_7763027368884568064_n.jpg?_nc_ht=instagram.fmex16-1.fna.fbcdn.net&_nc_ohc=t1mjfOs4RawAX8BZZDo&oh=c4640af5540b5267aff61957cfb9addf&oe=5FB32328,marioavila325,0,0
88,17927483830421551,"Me cambie de banco y fue la peor decisi√≥n que tom√©, bbva no atiende tel√©fonos, el pago por pse no funciona, me descontaron de mi afc una cuota de un cr√©dito de consumo..... me cobran cuota de manejo es una tarjeta de cr√©dito  que no uso, la fue a devolver y no atienden por tel√©fono... que mala decisi√≥n tome pero bueno.... ya estoy tomando acciones para denunciar el p√©simo servicio de bbva y claro retirando mis productos no s√© c√≥mo lo lograr√© ya que que no atienden del tel√©fono y no responden, ni por Facebook, ni Instagram ..... Superintendencia Financiera de Colombia su apoyo por favor ....@asobancaria @superfinanciera",1600465275,False,298310505,False,https://instagram.fmex16-1.fna.fbcdn.net/v/t51.2885-19/s150x150/104288294_599951547313438_2226474020092661462_n.jpg?_nc_ht=instagram.fmex16-1.fna.fbcdn.net&_nc_ohc=Yytiu_P01SEAX8DSGrd&oh=82d74a0e3d572b3c86ac6ca1630bbf42&oe=5FB23E13,lgaitanj,0,0
89,17846224070317450,Puedes aprender m√°s de los diferentes tipos o categor√≠as de FICs en nuestro art√≠culo üëâ https://capital-analytics.co/entendiendo-las-categorias/,1597256813,False,39386663231,False,https://instagram.fcgk11-1.fna.fbcdn.net/v/t51.2885-19/44884218_345707102882519_2446069589734326272_n.jpg?_nc_ht=instagram.fcgk11-1.fna.fbcdn.net&_nc_cat=1&_nc_ohc=MVEG8QTyVK4AX_IEi5v&oh=93537ef8866a4c579636079457c6e83f&oe=5FB5D50F&ig_cache_key=YW5vbnltb3VzX3Byb2ZpbGVfcGlj.2,anality_c,0,0
90,18006090151288792,"En capital analytics pueden observar el comportamiento de los FICs respecto a sus pares, donde al 5 de agosto BBVA DIGITAL lidera la rentabilidad de su categor√≠a. M√°s informaci√≥n aqu√≠  https://www.simplyfund.capital-analytics.co/register",1597256936,False,39386663231,False,https://instagram.fcgk11-1.fna.fbcdn.net/v/t51.2885-19/44884218_345707102882519_2446069589734326272_n.jpg?_nc_ht=instagram.fcgk11-1.fna.fbcdn.net&_nc_cat=1&_nc_ohc=MVEG8QTyVK4AX_IEi5v&oh=93537ef8866a4c579636079457c6e83f&oe=5FB5D50F&ig_cache_key=YW5vbnltb3VzX3Byb2ZpbGVfcGlj.2,anality_c,3,0
91,18050120593251020,üëè üòç üôå,1599092261,False,9309685022,False,https://instagram.fmex16-1.fna.fbcdn.net/v/t51.2885-19/s150x150/120299284_689637845243786_5929797768999594439_n.jpg?_nc_ht=instagram.fmex16-1.fna.fbcdn.net&_nc_ohc=D5Z6i87qXLgAX9Plozb&oh=a97a73a30ede1ead11a28527fc27d728&oe=5FB25287,omarherneychicaescobar,0,0
93,18118816783107452,üëèüîùüëèüîù,1590020662,False,599416885,False,https://instagram.fmex16-1.fna.fbcdn.net/v/t51.2885-19/s150x150/119157451_186963499627679_2998551044953704403_n.jpg?_nc_ht=instagram.fmex16-1.fna.fbcdn.net&_nc_ohc=ddn4TdlMcjEAX8gktaz&oh=542d9e6b84f19c514a5940fd766fd35e&oe=5FB2FAFC,alejatogra,1,0
94,17905369819459164,üëåüèºüëåüèºüëåüèºüëåüèºüîù,1590024379,False,290238329,False,https://instagram.fmex16-1.fna.fbcdn.net/v/t51.2885-19/s150x150/49844027_275255426495425_669371748298260480_n.jpg?_nc_ht=instagram.fmex16-1.fna.fbcdn.net&_nc_ohc=d5X5WRqQ0eAAX-Hho_z&oh=93cc7fd6f698967058e4e8105768d727&oe=5FB497BB,mcarobastidas,1,0
95,18099720556153236,"graciassss por la informaci√≥n,",1590027647,False,564784784,False,https://instagram.fmex16-1.fna.fbcdn.net/v/t51.2885-19/11422014_736720133117435_2141048636_a.jpg?_nc_ht=instagram.fmex16-1.fna.fbcdn.net&_nc_ohc=-CmmlHwsZZ0AX99Mmq4&oh=a36af449f1a6a78cc9ca9efab17a8969&oe=5FB46F29,mapisantiago,1,0
96,18152156443015845,Gracias ‚ù§Ô∏è,1590092429,False,3250891348,False,https://instagram.fmex16-1.fna.fbcdn.net/v/t51.2885-19/s150x150/72706962_2590803837632261_6938175991994908672_n.jpg?_nc_ht=instagram.fmex16-1.fna.fbcdn.net&_nc_ohc=FAlh9ZCvs1YAX8XFEYh&oh=790922dcbad96973113c00b3e83282df&oe=5FB48018,bbvaamcolombia,0,0
97,17877296785795332,"Hola, para acceder al fondo debo tener necesariamente cuenta de ahorro con el banco?",1598586726,False,6883679242,False,https://instagram.fmex16-1.fna.fbcdn.net/v/t51.2885-19/s150x150/27880097_1670951736315591_8236428130357608448_n.jpg?_nc_ht=instagram.fmex16-1.fna.fbcdn.net&_nc_ohc=7IZRsV-E1QcAX_Qi0lb&oh=76689c4e8bae7d54af9b2b4070f73b25&oe=5FB342EB,udsnoexisten17,0,0
98,17900015605553876,Como hago para acceder.?,1598659316,False,33433997617,False,https://instagram.fmex16-1.fna.fbcdn.net/v/t51.2885-19/s150x150/93269552_648260169287844_7763027368884568064_n.jpg?_nc_ht=instagram.fmex16-1.fna.fbcdn.net&_nc_ohc=t1mjfOs4RawAX8BZZDo&oh=c4640af5540b5267aff61957cfb9addf&oe=5FB32328,marioavila325,0,0
99,17842687985358622,2000. Por 100000 invertidos ü§£üòÇü§£üòÇ el que haga esta estupidez.  Es un completo üêí,1598667227,False,6887059416,False,https://instagram.fmex16-1.fna.fbcdn.net/v/t51.2885-19/s150x150/75538178_2584893678397000_1584066479446294528_n.jpg?_nc_ht=instagram.fmex16-1.fna.fbcdn.net&_nc_ohc=CYC0OIcxNpcAX8PWEwo&oh=1570d9ff8766ead77bc19a99a6697c0b&oe=5FB40EF9,alxjaramill0,0,4
101,17871919438762371,Informaci√≥n sobre esta inversi√≥n,1592001850,False,20419608552,False,https://instagram.fmex16-1.fna.fbcdn.net/v/t51.2885-19/s150x150/80818877_587778365347216_5474514737393827840_n.jpg?_nc_ht=instagram.fmex16-1.fna.fbcdn.net&_nc_ohc=zEH15aYASFAAX94FQqd&oh=9097f575f8ef41bcb127f27e2ef194c5&oe=5FB46D25,angeltsuki_,0,0
102,17852463704080149,Hay que abrir cuenta de ahorros y tener unoa montos para que no cobren cuota de manejo y 4x mil,1592004619,False,1534081020,False,https://instagram.fmex16-1.fna.fbcdn.net/v/t51.2885-19/s150x150/104093619_710885303001515_2701729819646554967_n.jpg?_nc_ht=instagram.fmex16-1.fna.fbcdn.net&_nc_ohc=wuxBwfrmaC4AX-sEiyh&oh=7a782fe740634ffb037f49340b51c7c5&oe=5FB3BD4E,linammvalencia,1,0
103,18091043692170544,Sirve para el que tenga cuenta de nomina en esta entidad,1592004647,False,1534081020,False,https://instagram.fmex16-1.fna.fbcdn.net/v/t51.2885-19/s150x150/104093619_710885303001515_2701729819646554967_n.jpg?_nc_ht=instagram.fmex16-1.fna.fbcdn.net&_nc_ohc=wuxBwfrmaC4AX-sEiyh&oh=7a782fe740634ffb037f49340b51c7c5&oe=5FB3BD4E,linammvalencia,2,0
104,18119119840112979,Buenas noches me podrian dar mas informacion por favor,1592011266,False,1627249893,False,https://instagram.fmex16-1.fna.fbcdn.net/v/t51.2885-19/s150x150/17077522_341538702907588_514711586582036480_a.jpg?_nc_ht=instagram.fmex16-1.fna.fbcdn.net&_nc_ohc=NqYV4rQoiiYAX8zq11o&oh=7153670063582ad1860f49f47de4f98f&oe=5FB5AF7C,louisphillipace,2,0
105,17886284128587582,"Es falso, en marzo con la ca√≠da de la bolsa antes me quitaron dinero de mi capital",1592020544,False,7709985435,False,https://scontent-mia3-2.cdninstagram.com/v/t51.2885-19/44884218_345707102882519_2446069589734326272_n.jpg?_nc_ht=scontent-mia3-2.cdninstagram.com&_nc_ohc=MVEG8QTyVK4AX_Ivnqd&oh=5061fa6ed07d7c85ec36a2bd9ca6c128&oe=5FB5D50F&ig_cache_key=YW5vbnltb3VzX3Byb2ZpbGVfcGlj.2,juliher2018,2,2
106,17880397009652559,????,1592044016,False,10258451233,False,https://instagram.fmex16-1.fna.fbcdn.net/v/t51.2885-19/s150x150/119186970_3610397632305949_1960658893955193148_n.jpg?_nc_ht=instagram.fmex16-1.fna.fbcdn.net&_nc_ohc=dEhjpdA2dSMAX_zbq8O&oh=ddc287e93d963279ea22d3fded9bd288&oe=5FB4E19C,helena.perez.528,1,0
107,17850634253098206,"Invert√≠  40.000 y luego s√≥lo me devolvieron 30.000, me tienen amarrados 10.000, no he podido recuperar los desde la APP",1592079327,False,3092691268,False,https://instagram.fmex16-1.fna.fbcdn.net/v/t51.2885-19/s150x150/99057080_245687856866811_1538707733560164352_n.jpg?_nc_ht=instagram.fmex16-1.fna.fbcdn.net&_nc_ohc=YuK2ojC1npEAX91SLvz&oh=ccc534a6617d00994402dde694da1156&oe=5FB43931,johandukeleon,1,0
108,17859642328977336,La peor experiencia comercial a nivel banco la he tenido con esta entidad.,1592096352,False,2391786771,False,https://instagram.fmex16-1.fna.fbcdn.net/v/t51.2885-19/s150x150/49984377_2133085483444158_2466675300927275008_n.jpg?_nc_ht=instagram.fmex16-1.fna.fbcdn.net&_nc_ohc=Ghm1MK8p9YEAX_2rfL-&oh=7fdf4382bfe8f70f4ba010e949f78b04&oe=5FB50C92,brunaldiana,1,0
109,17906026684467165,Ese interes es menis del 1 por ciento mensual y lo que le quitan por manejo y 4 x 1000 es nada antes uno queda debiendo,1592128080,False,1902880473,False,https://instagram.fmex16-1.fna.fbcdn.net/v/t51.2885-19/s150x150/95376569_1539339049564556_2269438840642994176_n.jpg?_nc_ht=instagram.fmex16-1.fna.fbcdn.net&_nc_ohc=f0gjW-fbZ2AAX_dIq72&oh=aa123f60f21b7fe2c5a303153b96eaf6&oe=5FB2A68C,ubicanos_,1,0
110,17883816250609718,Los bancos en este pais y mas espa√±oles  no dan nada juegan invierten  con nuestro dinero no dan migajas y luego en loa cobros  por manat√≠miento o uso de la cuenta  te quian lo q te dieron  mas lo q haz ahorrado.. no caigan en este sistema  malicioso..,1592161535,False,868120256,False,https://instagram.fmex16-1.fna.fbcdn.net/v/t51.2885-19/s150x150/121293354_820154845402461_4753982784038483583_n.jpg?_nc_ht=instagram.fmex16-1.fna.fbcdn.net&_nc_ohc=f2LYolPevdIAX8QJkvv&oh=cd9a9908154f70a979d2e09bc13bb3ec&oe=5FB2FEC9,harevalo24,2,5
111,17904457660463023,Me podr√≠an dar ma informaci√≥n gracias,1592161862,False,31265147533,False,https://instagram.fmex16-1.fna.fbcdn.net/v/t51.2885-19/s150x150/116707413_291280975477377_3346082444188797120_n.jpg?_nc_ht=instagram.fmex16-1.fna.fbcdn.net&_nc_ohc=zvapRy2LkSYAX_92oSH&oh=03575039c738761a8ca82b1504d3983e&oe=5FB4AD7B,deprohogarsas,0,0
112,17878870870664044,"Porque ponen tasa mensual pero la que reflejan en efectiva anual, para enga√±ar a las personasüòÆ",1592166171,False,1914501741,False,https://instagram.fmex16-1.fna.fbcdn.net/v/t51.2885-19/s150x150/120533883_770499150469684_489402108062216914_n.jpg?_nc_ht=instagram.fmex16-1.fna.fbcdn.net&_nc_ohc=i97ZuPNULngAX_p4s13&oh=df94f36a7182dc2d094d22fcfc981277&oe=5FB59CA7,michael_guevara17,2,2
113,17920061860420232,"Jajaja por 20 mil te daran 200 pesos mensuales, los bancos son ironicos, si tu metes una fuerte cantidad de dinero en un cdt o en un fondo lo que ganas no es nada, pero si ellos te prestan a ti ahi si ganan como un berraco",1592185531,False,6712394725,False,https://instagram.fmex16-1.fna.fbcdn.net/v/t51.2885-19/s150x150/44585916_1904634339584520_2279832227707617280_n.jpg?_nc_ht=instagram.fmex16-1.fna.fbcdn.net&_nc_ohc=SbwSsUC_geUAX-6yWH9&oh=09e9fd2867d5ccc2a31afd3a9e0764ae&oe=5FB465BD,jorgitoeliecer.osorioalvarez,1,0
114,18092856193196900,@andrescorredor77,1592204914,False,385637593,False,https://instagram.fmex16-1.fna.fbcdn.net/v/t51.2885-19/s150x150/121091518_782271789274552_2486217721187901157_n.jpg?_nc_ht=instagram.fmex16-1.fna.fbcdn.net&_nc_ohc=J2CFILobB50AX_ndl-z&oh=899784a24d3ccf80f50d8f1c6139baef&oe=5FB3B83C,pilarrojasy,0,0
115,17865539569855235,"Pero si para abrirlo tengo que tener cuenta con la entidad, me cobran cuota de manejo y hasta 4x1000 por el retiro. La ganancia no compensa todo lo que debo pagar",1592227832,False,1258799493,False,https://instagram.fmex16-1.fna.fbcdn.net/v/t51.2885-19/s150x150/89738653_199289954660988_7953702012493758464_n.jpg?_nc_ht=instagram.fmex16-1.fna.fbcdn.net&_nc_ohc=jZnRHSaa33AAX_oYZ1x&oh=fd155833abb19670edcc1d350e8374aa&oe=5FB39BF4,miguelcaramir,1,0
116,17857068944020852,"Buenas noches por favor me puede dar m√°s informaci√≥n, gracias",1592263653,False,8587683671,False,https://instagram.fmex16-1.fna.fbcdn.net/v/t51.2885-19/s150x150/65830198_354665948544292_8733991677758275584_n.jpg?_nc_ht=instagram.fmex16-1.fna.fbcdn.net&_nc_ohc=Wa92TtDwtSkAX-Uly2e&oh=8c0c4b2d9b9fbe73f749a63996fb00da&oe=5FB453BA,ninirocioa,0,0
117,17885357548599128,Jajaja qu√© ir√≥nica tan grande! La ley del embudo.,1592269094,False,12155808870,False,https://instagram.fmex16-1.fna.fbcdn.net/v/t51.2885-19/s150x150/54511864_2222180141432489_5131367625200238592_n.jpg?_nc_ht=instagram.fmex16-1.fna.fbcdn.net&_nc_ohc=Ne2NU73nTzEAX-vjYPl&oh=07d1ed29b8d43834c3d8ff75069f6f1e&oe=5FB42739,mauricewar13,0,0
118,17873523391821736,Hola buen d√≠a me acerqu√© a la oficina a realizar apertura del plazo 30 y el global con 100.000 cada uno as√≠ como ustedes dicen. Pero el colaborador me dijo que el sistema no deja menos de 500.000,1596418072,False,36145791,False,https://instagram.fmex16-1.fna.fbcdn.net/v/t51.2885-19/s150x150/47055061_383091312438187_7994602651046117376_n.jpg?_nc_ht=instagram.fmex16-1.fna.fbcdn.net&_nc_ohc=pKJWk0xa2xkAX-kAgvn&oh=0445177cbdacbe5d404b9a4e94db6fae&oe=5FB39DB1,juanrdavidc,1,1
119,18151293271049681,Excelente explicaci√≥n,1594497201,False,564784784,False,https://instagram.fmex16-1.fna.fbcdn.net/v/t51.2885-19/11422014_736720133117435_2141048636_a.jpg?_nc_ht=instagram.fmex16-1.fna.fbcdn.net&_nc_ohc=-CmmlHwsZZ0AX99Mmq4&oh=a36af449f1a6a78cc9ca9efab17a8969&oe=5FB46F29,mapisantiago,0,0
120,18157405477027921,Hola necesito informaci√≥n donde puedo escribir? No me deja abrir el fondo,1597277772,False,15543084934,False,https://instagram.fmex16-1.fna.fbcdn.net/v/t51.2885-19/s150x150/65658029_486606748768171_8604493208283512832_n.jpg?_nc_ht=instagram.fmex16-1.fna.fbcdn.net&_nc_ohc=u1Upjpl_DhUAX-xR594&oh=d5c4b527e653f27168ae812ac7294cca&oe=5FB4F5A2,lucero_alzat,0,1
121,17867910520956824,Buenas noches los $20 mil son mensual??,1597985794,False,2732590808,False,https://instagram.fmex16-1.fna.fbcdn.net/v/t51.2885-19/s150x150/61707963_406927069899654_3465482912118341632_n.jpg?_nc_ht=instagram.fmex16-1.fna.fbcdn.net&_nc_ohc=4JUmE3eyozMAX-faXGA&oh=2c6af1b32b68f7a3d6c916b83fdd936c&oe=5FB45178,yennypuellor2014,0,0
122,17878157155744796,"Amigo una pregunta si quiero colocar un dinero en el fondo de inversi√≥n, lo puedo retirar cuando quiera?",1596056008,False,804906881,False,https://instagram.fmex16-1.fna.fbcdn.net/v/t51.2885-19/s150x150/11809953_930049083737828_1361076168_a.jpg?_nc_ht=instagram.fmex16-1.fna.fbcdn.net&_nc_ohc=FHWM0X5FHsEAX8ooOr2&oh=80c4c3a6188049d6b9f6880deee18fb2&oe=5FB5DD03,dubyfajardo,1,1
123,17872367614843085,C√≥mo funciona ?,1596171606,False,5655387837,False,https://instagram.fmex16-1.fna.fbcdn.net/v/t51.2885-19/s150x150/121241356_3123306904562386_1911885858938000225_n.jpg?_nc_ht=instagram.fmex16-1.fna.fbcdn.net&_nc_ohc=vO_Ab-T2j-oAX8uIaZ5&oh=5db6383bf2e652cde742ff8a37177b80&oe=5FB49063,juan.andrade.33671,1,1
124,17875749271788361,Quisiera mas informaci√≥n,1596928734,False,357513775,False,https://instagram.fmex16-1.fna.fbcdn.net/v/t51.2885-19/s150x150/121359792_344734380133228_882567863943959820_n.jpg?_nc_ht=instagram.fmex16-1.fna.fbcdn.net&_nc_ohc=gkqa23LCbZwAX8wDGnj&oh=8171729950bc6ea720120ab838778821&oe=5FB34BC2,nathalia_cristancho,1,1
125,17884079602681860,"Al cierre del mes de julio BBVA DIGITAL registra un aumento del AUM de COP 16.252 millones (20.76%), y un n√∫mero de inversionistas en 20.281.
Para conocer m√°s, reg√≠strate gratis en https://www.simplyfund.capital-analytics.co/register 
y s√≠guenos en instagram como @capital_analytics, en Twitter como @CapitalAnalyti2",1597092496,False,39386663231,False,https://instagram.fmct5-1.fna.fbcdn.net/v/t51.2885-19/44884218_345707102882519_2446069589734326272_n.jpg?_nc_ht=instagram.fmct5-1.fna.fbcdn.net&_nc_ohc=MVEG8QTyVK4AX-aeCUV&oh=2357b2c2d8f1b6200db604dd787f8023&oe=5FB5D50F&ig_cache_key=YW5vbnltb3VzX3Byb2ZpbGVfcGlj.2,anality_c,0,0
126,18157653061054854,"Buenas tardes, me encuentro interesado en el servicio, que se debe hacer o con qui√©n debo comunicarme para mayor informaci√≥n?",1597857732,False,2281881042,False,https://instagram.fmex16-1.fna.fbcdn.net/v/t51.2885-19/s150x150/12519363_1588106218182279_1814741752_a.jpg?_nc_ht=instagram.fmex16-1.fna.fbcdn.net&_nc_ohc=4rtmkl8oh5wAX_KFA5U&oh=480eaeb502806d0851639eff01af2ddc&oe=5FB57E46,cibeldario,1,0
127,17882702824589281,"@bbvaamcolombia Excelente informaci√≥n, muy √∫til. Muchas gracias.",1589212406,False,513087544,False,https://instagram.fmex16-1.fna.fbcdn.net/v/t51.2885-19/s150x150/121737365_341001467128452_2904597637866010431_n.jpg?_nc_ht=instagram.fmex16-1.fna.fbcdn.net&_nc_ohc=tkxwChTBeUIAX_Jnydt&oh=14310a03984b6de3e4fd8990f52f6a76&oe=5FB59412,jhonny_hernandezc,2,1
128,17876224093634821,Excelente,1589216657,False,418263207,False,https://instagram.fmex16-1.fna.fbcdn.net/v/t51.2885-19/s150x150/69272978_502837946957505_6225475385253953536_n.jpg?_nc_ht=instagram.fmex16-1.fna.fbcdn.net&_nc_ohc=dhojOPQBtXgAX_IbQXK&oh=f6aff0802d31d09dac18e7ee1034cca9&oe=5FB3642F,sarataboadav,1,1
129,17868255412752446,excelente explicaci√≥n,1589235075,False,564784784,False,https://instagram.fmex16-1.fna.fbcdn.net/v/t51.2885-19/11422014_736720133117435_2141048636_a.jpg?_nc_ht=instagram.fmex16-1.fna.fbcdn.net&_nc_ohc=-CmmlHwsZZ0AX99Mmq4&oh=a36af449f1a6a78cc9ca9efab17a8969&oe=5FB46F29,mapisantiago,1,1
132,18159003718007115,Hola. Duda: ¬øLas inversiones se hacen desde la app que maneja la cuenta de ahorros?,1597503305,False,566101530,False,https://instagram.fmex16-1.fna.fbcdn.net/v/t51.2885-19/s150x150/76774060_394141144682232_3280064870392791040_n.jpg?_nc_ht=instagram.fmex16-1.fna.fbcdn.net&_nc_ohc=8mQujPzqPhYAX9D5NlU&oh=bebb32c408a1f0a61b3b4d7bfd697b77&oe=5FB397C4,imjimmy6,0,0
133,18129410050114055,Mas explicacion sobre esta opcion?,1597510416,False,556160542,False,https://instagram.fmex16-1.fna.fbcdn.net/v/t51.2885-19/s150x150/60310294_2188285267959994_8667913103398141952_n.jpg?_nc_ht=instagram.fmex16-1.fna.fbcdn.net&_nc_ohc=7_-gTW5CGQkAX9i1e-M&oh=1555c27d91cabe4b33d4e0fef3a380c3&oe=5FB4D3CE,gioquinteroh,0,0
134,18080562982204367,Como lo hago?,1597521412,False,4158717246,False,https://instagram.fmex16-1.fna.fbcdn.net/v/t51.2885-19/s150x150/118520177_630443557612415_53330629334347398_n.jpg?_nc_ht=instagram.fmex16-1.fna.fbcdn.net&_nc_ohc=XPamYVBkzXQAX8bTHPM&oh=e9adb765aef8f7365d080b49aaf706c8&oe=5FB4B752,wilsonalbeirogomez,0,2
135,18101671489195913,Invertir en que,1597529986,False,2165240727,False,https://instagram.fmex16-1.fna.fbcdn.net/v/t51.2885-19/s150x150/11327393_1508200889471996_1257222674_a.jpg?_nc_ht=instagram.fmex16-1.fna.fbcdn.net&_nc_ohc=D1FNAr9aWg0AX-RyIfU&oh=002f496a5cc3b1e281b752158575e55c&oe=5FB51289,reptil37,0,0
136,17858123651110588,M√°s info porfa,1597536395,False,36393507376,False,https://instagram.fmex16-1.fna.fbcdn.net/v/t51.2885-19/s150x150/101424782_2988818647861706_4494235258635419648_n.jpg?_nc_ht=instagram.fmex16-1.fna.fbcdn.net&_nc_ohc=CFfvg5-RzYMAX-20whr&oh=56f27d5c498bab6fe381103ed50e08c5&oe=5FB5D1E5,sharonlopez0396,0,0
137,17877387232798768,Como  se invierte y en qu√©,1597539054,False,8591091944,False,https://instagram.fmex16-1.fna.fbcdn.net/v/t51.2885-19/s150x150/121389663_186171316343317_5566248550867662310_n.jpg?_nc_ht=instagram.fmex16-1.fna.fbcdn.net&_nc_ohc=OtKQg5jvgtQAX_fE6bA&oh=1b50008c69bbf52f0347bc04c06b0dcd&oe=5FB27991,milu_jasmin_pineda_gamboa,0,0
138,17845239962326848,Informaci√≥n? Se debe abrir cuenta de ahorros??,1597545214,False,8899559026,False,https://instagram.fmex16-1.fna.fbcdn.net/v/t51.2885-19/s150x150/42949607_1959650617462867_3725457029142151168_n.jpg?_nc_ht=instagram.fmex16-1.fna.fbcdn.net&_nc_ohc=uwbofDVytXkAX93Y0I3&oh=eef935b32eccfa4b2e2506f074072ed6&oe=5FB3351D,geovannyvelandiav,0,0
139,18098808034173201,M√°s info por favor,1597545367,False,3545661688,False,https://instagram.fmex16-1.fna.fbcdn.net/v/t51.2885-19/s150x150/13768125_257526147967341_135466842_a.jpg?_nc_ht=instagram.fmex16-1.fna.fbcdn.net&_nc_ohc=fswtaOz1EQgAX8nJty4&oh=2f8949727794af76a63b64d8b0e3c131&oe=5FB4C1B3,jostynte,0,0
140,17864215427019042,Como es eso expliquenme,1597548368,False,2554189779,False,https://instagram.fmex16-1.fna.fbcdn.net/v/t51.2885-19/s150x150/12445940_1678244762447062_1860281043_a.jpg?_nc_ht=instagram.fmex16-1.fna.fbcdn.net&_nc_ohc=Ymqt3WKesRsAX9Fux4p&oh=88de92898533b3b65418e56d95b9c97d&oe=5FB29E91,erwinromeronavarro,1,0
141,17858109452085140,üëè,1597579046,False,1320262024,False,https://instagram.fmex16-1.fna.fbcdn.net/v/t51.2885-19/10584591_267870566740958_988443781_a.jpg?_nc_ht=instagram.fmex16-1.fna.fbcdn.net&_nc_ohc=1aSdlkh2rQAAX9V6FOG&oh=75068cc9bae39b9d81018f4b0a524e13&oe=5FB564ED,jorge.villamilt,0,0
142,17857121051135226,Quisiera m√°s informaci√≥n?,1597616169,False,1582340985,False,https://instagram.fmex16-1.fna.fbcdn.net/v/t51.2885-19/s150x150/120200840_250710252947609_3256157657764642775_n.jpg?_nc_ht=instagram.fmex16-1.fna.fbcdn.net&_nc_ohc=jLpQ3fSxNKMAX9EGIfa&oh=c96da13920723da2255475e012eba843&oe=5FB37D68,majomendoza07,0,0
143,18119178136185473,üí™,1597624320,False,4121915283,False,https://instagram.fmex16-1.fna.fbcdn.net/v/t51.2885-19/s150x150/67403023_2351868955028569_4695393762795323392_n.jpg?_nc_ht=instagram.fmex16-1.fna.fbcdn.net&_nc_ohc=YnPhzb6HLgYAX_du4cX&oh=f250fb09f81788c3d7832347983ca2ac&oe=5FB3BB87,hermoso.junior,0,0
144,18113353117182776,De que trata? Gracias,1597716642,False,592376553,False,https://instagram.fmex16-1.fna.fbcdn.net/v/t51.2885-19/s150x150/51132307_377375233074497_6750392454081413120_n.jpg?_nc_ht=instagram.fmex16-1.fna.fbcdn.net&_nc_ohc=_ZaqOOLus0QAX8D2E4-&oh=e2f189a3fc6f060cbd37e2ffad611145&oe=5FB36376,stela_salgado101,0,0
145,17850064232248495,Interesaso,1597729888,False,447055696,False,https://instagram.fmex16-1.fna.fbcdn.net/v/t51.2885-19/s150x150/14624341_1261935727160848_493642950929022976_a.jpg?_nc_ht=instagram.fmex16-1.fna.fbcdn.net&_nc_ohc=Q9QFHnRgQhEAX9ynXa1&oh=75366c8e620ec600a15d8a8fad2d8fc4&oe=5FB4EBB2,albertto_zuluaga,0,0
146,18067603264234654,Cuando dicen que es agresivo que porcentaje de capital uno arriesga por mes... Y hay un l√≠mite de inversi√≥n ...,1597732442,False,5314508238,False,https://instagram.fmex16-1.fna.fbcdn.net/v/t51.2885-19/s150x150/101688346_982944145493638_6429460274247368704_n.jpg?_nc_ht=instagram.fmex16-1.fna.fbcdn.net&_nc_ohc=kKZFXB1h-d8AX9Ai1EQ&oh=d008ae555c3e66d1b6e2c661261da548&oe=5FB27173,alejo_santamaria20,1,1
147,18112335889149972,Ya entre al,1597754667,False,420785716,False,https://instagram.fmex16-1.fna.fbcdn.net/v/t51.2885-19/s150x150/120807203_326440851972744_3864778826180219005_n.jpg?_nc_ht=instagram.fmex16-1.fna.fbcdn.net&_nc_ohc=AUvdwMJmkK4AX-zYcYD&oh=3b312dd64f325819ea249bb0422bf389&oe=5FB50B5B,angelapm1254,0,0
148,17873959738863840,Ya entre a la p√°gina de ustedes y les escrib√≠ por wap,1597754690,False,420785716,False,https://instagram.fmex16-1.fna.fbcdn.net/v/t51.2885-19/s150x150/120807203_326440851972744_3864778826180219005_n.jpg?_nc_ht=instagram.fmex16-1.fna.fbcdn.net&_nc_ohc=AUvdwMJmkK4AX-zYcYD&oh=3b312dd64f325819ea249bb0422bf389&oe=5FB50B5B,angelapm1254,0,2
149,17850562607227381,Hola quisiera m√°s informacion ?,1597758237,False,1609374165,False,https://instagram.fmex16-1.fna.fbcdn.net/v/t51.2885-19/s150x150/13437295_1174753149243587_437208008_a.jpg?_nc_ht=instagram.fmex16-1.fna.fbcdn.net&_nc_ohc=qb0wj-CUwGwAX9zHhgV&oh=1efd553bdc4d7bfab61ed82a7faee788&oe=5FB48C4A,luxora.pupis,0,1
151,17849492687285244,Hola me gustar√≠a invertir,1597788824,False,37870291884,False,https://instagram.fmex16-1.fna.fbcdn.net/v/t51.2885-19/s150x150/106713289_3719121501451324_256246196020792021_n.jpg?_nc_ht=instagram.fmex16-1.fna.fbcdn.net&_nc_ohc=_49txC4jp2kAX8D8e57&oh=b5bc63d14e1c6964a29d3cc76e2bddc7&oe=5FB5B2AD,johanasebas01,0,1
152,18033371857274617,"Las inversiones las hacen en mercados internacionales, en las bolsas es una modalidad que viene tomando fuerza desde hace a√±os. Es confiable si se hace por esta entidad bancaria ya que es legal y si sabes crear tu perfil tu capital no lo pierdes.  Las utilidades son buenas. Es casi la modalidad del Bigcoin. Solo que es con bolsas internacionales a trav√©s del banco, es f√°cil solo debes tener una cuanta en el banco y desde tu celular descargas la aplicaci√≥n del banco y haces todo. Si no tienes cuantas la puedes aperturar sin ning√∫n costo.",1597791987,False,10817391605,False,https://instagram.fmex16-1.fna.fbcdn.net/v/t51.2885-19/s150x150/67724177_728761844235594_2580919639999512576_n.jpg?_nc_ht=instagram.fmex16-1.fna.fbcdn.net&_nc_ohc=7aKWetKgWnQAX-VQrLD&oh=e359f53e1c6603ebd71ef5792be3a1f1&oe=5FB328E3,viviendo_cartagena,0,5
153,17876092618828183,Si las hacen en entidades confiables. Hay gente que usa los nombres de estas empresas para estafar pero por ac√° no es as√≠. Yo lo hice y me parece una forma de invertir,1597792075,False,10817391605,False,https://instagram.fmex16-1.fna.fbcdn.net/v/t51.2885-19/s150x150/67724177_728761844235594_2580919639999512576_n.jpg?_nc_ht=instagram.fmex16-1.fna.fbcdn.net&_nc_ohc=7aKWetKgWnQAX-VQrLD&oh=e359f53e1c6603ebd71ef5792be3a1f1&oe=5FB328E3,viviendo_cartagena,1,0
154,17880956212738683,Me gustar√≠a que alguien explicara el paso a paso por favor gracias,1597844429,False,1399481481,False,https://instagram.fmex16-1.fna.fbcdn.net/v/t51.2885-19/s150x150/121359708_1348084132216495_518004509996693185_n.jpg?_nc_ht=instagram.fmex16-1.fna.fbcdn.net&_nc_ohc=lEkoc6X6kysAX97ih8_&oh=5998b5368f6c0c653058377bb70e5156&oe=5FB47DF9,marcela.sb.96,1,1
155,17876291641799667,Podr√≠an brindarme m√°s informaci√≥n sobre el tema,1597926147,False,3452693624,False,https://instagram.fmex16-1.fna.fbcdn.net/v/t51.2885-19/s150x150/69387929_688251858328136_4769857461936979968_n.jpg?_nc_ht=instagram.fmex16-1.fna.fbcdn.net&_nc_ohc=BjwmUS3ntowAX-7wYN0&oh=b44ee4507e552fe32a6f57eeec311912&oe=5FB2C9FD,shanito94,1,1
156,17863579736039491,Quiero saber la rentabilidad mensual üòû,1597927360,False,420785716,False,https://instagram.fmex16-1.fna.fbcdn.net/v/t51.2885-19/s150x150/120807203_326440851972744_3864778826180219005_n.jpg?_nc_ht=instagram.fmex16-1.fna.fbcdn.net&_nc_ohc=AUvdwMJmkK4AX-zYcYD&oh=3b312dd64f325819ea249bb0422bf389&oe=5FB50B5B,angelapm1254,1,2
157,17876232097820684,"Tengo muy mala experiencia con esos fondos les recomiendo no utilizarlos despu√©s de invertir he tenido problemas para realizar transacciones desde la app y la web he agotado todos los medios para que me den una soluci√≥n y sigo sin recibir una soluci√≥n, no responden y no solucionan nada",1598029201,False,2189882423,False,https://instagram.fmex16-1.fna.fbcdn.net/v/t51.2885-19/s150x150/12556081_1669789469964962_897833038_a.jpg?_nc_ht=instagram.fmex16-1.fna.fbcdn.net&_nc_ohc=JvrcKeyv0SoAX8J4ayZ&oh=800d76ca4ec78e3d51d7abf09a5ddb7b&oe=5FB60306,eynson,1,1
158,17861314664094509,Y nada,1598549040,False,420785716,False,https://instagram.fmex16-1.fna.fbcdn.net/v/t51.2885-19/s150x150/120807203_326440851972744_3864778826180219005_n.jpg?_nc_ht=instagram.fmex16-1.fna.fbcdn.net&_nc_ohc=AUvdwMJmkK4AX-zYcYD&oh=3b312dd64f325819ea249bb0422bf389&oe=5FB50B5B,angelapm1254,0,0
162,18126061360099254,"Tengo varias dudas pero no puedo enviarlas a la secci√≥n. De ayuda, no carga ade adecuadamente la p√°gina.",1595087101,False,25786340733,False,https://instagram.fmex16-1.fna.fbcdn.net/v/t51.2885-19/s150x150/75332703_449468189096978_5057529114383089664_n.jpg?_nc_ht=instagram.fmex16-1.fna.fbcdn.net&_nc_ohc=a98c8txNzSUAX8TXVuo&oh=c4b573b4da602d210cac1e1f445f9261&oe=5FB45AC2,mente_positiva_emprendimiento,0,0
163,17855635460107138,Buena noche m gustaria saber un poco mejor la metodologia no entiendo como funxiona,1595127155,False,35125311535,False,https://instagram.fmex16-1.fna.fbcdn.net/v/t51.2885-19/s150x150/96947193_259159441943560_4629294336368967680_n.jpg?_nc_ht=instagram.fmex16-1.fna.fbcdn.net&_nc_ohc=mS5MxNO-m-IAX-CqFZg&oh=0a1e84a798d83aca2c1a66540254e64f&oe=5FB4BCBF,victormanuelrodriguez17,0,2
164,17883640777654701,S√∫per enga√±oso que pongan mensual y despu√©s efectivo anual. Cuando el 99% de la gente no sabe c√≥mo diferenciarlo.,1595168690,False,5895820546,False,https://instagram.fmex16-1.fna.fbcdn.net/v/t51.2885-19/s150x150/20838861_693526640847221_3421363126858153984_a.jpg?_nc_ht=instagram.fmex16-1.fna.fbcdn.net&_nc_ohc=EbJITFIgtewAX_uwbeN&oh=3d7b681c5ac20adc0800d7ba94fd053f&oe=5FB4EDC1,cr.castro1226,0,0
165,17900707762520057,"Jaja sencillo por lo q inviertes t dan en promedio el 0.5 % al mes y te lo dan casa a√±o, por 1 mill por ejemplo t dan como 5 mil pesos mensuales al a√±o 60 mil pesos",1595179006,False,3569396946,False,https://instagram.fmex16-1.fna.fbcdn.net/v/t51.2885-19/s150x150/74914926_519189981967246_4237120979945390080_n.jpg?_nc_ht=instagram.fmex16-1.fna.fbcdn.net&_nc_ohc=_gA4pwltWysAX-7Bo_2&oh=3a0d84110b6e73d985efd7af4c2e5bcd&oe=5FB4DC49,josejorgegarcia1,4,1
166,18151853941032153,Lo peor del mercado para invertir,1595190733,False,11789178557,False,https://instagram.fmex16-1.fna.fbcdn.net/v/t51.2885-19/s150x150/79746101_792235047868383_1411590359594565632_n.jpg?_nc_ht=instagram.fmex16-1.fna.fbcdn.net&_nc_ohc=pxPPQskDyHEAX9mmt80&oh=081488b9a0d95f0fad37fb8bc53ee9e5&oe=5FB566B2,fernandosalazarceo,2,0
167,18145209286066211,Hay que aclarar divida 5.09% en 12 meses ahora tengan en cuenta que la inflaci√≥n sube cada a√±o y adem√°s ellos cobran un porcentaje por administraci√≥n  que debe rondar el 3% para que este fondo sea rentable deber√≠a dar unos 8 o 10% efectivo anual,1595191511,False,7998154934,False,https://instagram.fmex16-1.fna.fbcdn.net/v/t51.2885-19/s150x150/59641640_1221661111350187_3027813753107251200_n.jpg?_nc_ht=instagram.fmex16-1.fna.fbcdn.net&_nc_ohc=uiSIuKb-Ad0AX-klH53&oh=1de086436e35ea21efcbb16baa55ef10&oe=5FB5255F,omar.arq.galeano,4,3
168,17875277893769841,Yo les  puedo  presentar  un  mejor  negocio  donde  ganaran  m√°s  de un  12  a  13 %  mensual  pide  info  imbox,1595196828,False,968194755,False,https://instagram.fmex16-1.fna.fbcdn.net/v/t51.2885-19/s150x150/79247165_531519070772584_6272307936282804224_n.jpg?_nc_ht=instagram.fmex16-1.fna.fbcdn.net&_nc_ohc=hsR5dBfkpAoAX-_RTP2&oh=475f47f720f764c80a4058f2865e2aeb&oe=5FB5F25D,crytop.trading,1,0
169,17863740388979678,La p√°gina para solicitar informaci√≥n no est√° bien y no deja diligenciar nada,1595254594,False,6629139162,False,https://instagram.fmex16-1.fna.fbcdn.net/v/t51.2885-19/s150x150/120137112_972512083258261_7829014977691593746_n.jpg?_nc_ht=instagram.fmex16-1.fna.fbcdn.net&_nc_ohc=8iDw5hqCYdUAX-whluu&oh=44db9b2be051c8d23f51224047e67095&oe=5FB4DBCB,yei_fdm,1,1
170,17871354469829377,P√©simo servicio.... No sirven para nada,1595264079,False,503169142,False,https://instagram.fmex16-1.fna.fbcdn.net/v/t51.2885-19/11007772_1611623005740765_1480613239_a.jpg?_nc_ht=instagram.fmex16-1.fna.fbcdn.net&_nc_ohc=PsMXlvbpKsoAX97ATfv&oh=a83f0418ae4fa0a1f2d0db803425820d&oe=5FB2BD05,mario101019,1,0
171,18095267152171341,"No puede hacer efectivo anual a mes vencido de esa forma, no le pueda decir que es malo o bueno, realmente se basa en el riesgo, y la agudeza que usted pueda contener, existen m√∫ltiples medios el valor que indica seg√∫n su corte, por que normalmente este tipo de inversiones dicen sus porcentajes por periodos determinados, 7, 30, 60, 90,180,365 d√≠as seg√∫n tu negociaci√≥n con el representante bancario en este caso BBVA",1595303347,False,383410086,False,https://instagram.fmex16-1.fna.fbcdn.net/v/t51.2885-19/s150x150/120911234_124470432489097_399408897596541155_n.jpg?_nc_ht=instagram.fmex16-1.fna.fbcdn.net&_nc_ohc=Le_y6lZjQAsAX9PE5kN&oh=dd277dcdb77e0c506dcc65fe816a33c4&oe=5FB4B267,maikstev,0,0
172,17863946155973889,"Voy a ponerte el ejemplo con el caso que est√°n exponiendo, ya el lector ver√° si es rentable o no, aclar√≥ que si el riesgo es alto puedes perder tus fondos en un mal momento esto es de atenci√≥n 1000%, y estar muy pendiente de los momentos.",1595303455,False,383410086,False,https://instagram.fmex16-1.fna.fbcdn.net/v/t51.2885-19/s150x150/120911234_124470432489097_399408897596541155_n.jpg?_nc_ht=instagram.fmex16-1.fna.fbcdn.net&_nc_ohc=Le_y6lZjQAsAX9PE5kN&oh=dd277dcdb77e0c506dcc65fe816a33c4&oe=5FB4B267,maikstev,0,0
173,17880402685705903,Con un monto muy elevado para obtener una rentabilidad prolongada y cuantiosa,1595304620,False,383410086,False,https://instagram.fmex16-1.fna.fbcdn.net/v/t51.2885-19/s150x150/120911234_124470432489097_399408897596541155_n.jpg?_nc_ht=instagram.fmex16-1.fna.fbcdn.net&_nc_ohc=Le_y6lZjQAsAX9PE5kN&oh=dd277dcdb77e0c506dcc65fe816a33c4&oe=5FB4B267,maikstev,0,0
174,17848829627228996,"Yo invert√≠ en dos fondos pero no la verdad eso es perder el tiempo, y cuando vas a retirar el dinero en algunos fondos de inversi√≥n te devuelven el total y en otros hay q perder hasta 10000 de la inversi√≥n, conclusi√≥n no pierdan el tiempo con ese banco",1595422953,False,2149723647,False,https://instagram.fmex16-1.fna.fbcdn.net/v/t51.2885-19/s150x150/79626793_633527614084471_6251879444030423040_n.jpg?_nc_ht=instagram.fmex16-1.fna.fbcdn.net&_nc_ohc=q1RUKX8AV0QAX-EgbAE&oh=fa8d0e714ae29ef9620018f3e7e911d2&oe=5FB53301,19mayo2011,1,1
175,17846712368243104,@bbva_colombia  este servicio es de ustedes ?,1595426311,False,1351081714,False,https://instagram.fmex16-1.fna.fbcdn.net/v/t51.2885-19/s150x150/120792657_167880051607495_3294834339578730927_n.jpg?_nc_ht=instagram.fmex16-1.fna.fbcdn.net&_nc_ohc=t0zUWICehhoAX_4MNAD&oh=9f1b22b7dd1594930f364c93cee0db1a&oe=5FB37F47,edgar.diaz0810,0,2
176,17843641256308194,Si pongo 10 millones a 6 meses cuanto me gano ü§îü§îü§î,1595430286,False,3062863531,False,https://instagram.fmex16-1.fna.fbcdn.net/v/t51.2885-19/s150x150/925999_175284822858648_1410532218_a.jpg?_nc_ht=instagram.fmex16-1.fna.fbcdn.net&_nc_ohc=ZeljDWgWAYoAX9Voyr_&oh=d4be9105188f1113215900b4ed90c660&oe=5FB4CDC1,andreswc123,2,1
177,17873269282792778,El peor es de colmena que lo administra Banco Caja Social estuve casi 6 meses nunca contestaron  las llamadas y tenia que ir un dia espec√≠fico a la semana para retirarlo de lo peor,1595464733,False,3062371093,False,https://instagram.fmex16-1.fna.fbcdn.net/v/t51.2885-19/s150x150/43148581_379690695903475_2561352086826516480_n.jpg?_nc_ht=instagram.fmex16-1.fna.fbcdn.net&_nc_ohc=h-9r9nTrfaEAX8NLtdS&oh=8b1dc95d31a3b0d31d673966c6da05c3&oe=5FB4E792,sebperes12,0,0
178,17879388790724221,üòÇüòÇüòÇ,1594516196,False,9201862910,False,https://instagram.fmex16-1.fna.fbcdn.net/v/t51.2885-19/s150x150/45360976_121048188829377_4023333927610482688_n.jpg?_nc_ht=instagram.fmex16-1.fna.fbcdn.net&_nc_ohc=JG4mkTJao50AX--WRY4&oh=3dc5cb9d993711f9f38fb3818cf05e5e&oe=5FB3BE1F,leongomezalexander,0,0
179,17845584644267990,Me interesa obtener informaci√≥n,1594522056,False,420059948,False,https://instagram.fmex16-1.fna.fbcdn.net/v/t51.2885-19/s150x150/95166934_1050806815302081_2314814135038115840_n.jpg?_nc_ht=instagram.fmex16-1.fna.fbcdn.net&_nc_ohc=h1efsQsATYYAX8cAhQ_&oh=c7a4c70e0708fbe419fa05285bf621d7&oe=5FB54C4A,darwinsito1986,0,1
180,17875227079761642,üî•üôå,1594575762,False,32684321280,False,https://instagram.fmex16-1.fna.fbcdn.net/v/t51.2885-19/s150x150/90982838_568911667089926_2895873397156216832_n.jpg?_nc_ht=instagram.fmex16-1.fna.fbcdn.net&_nc_ohc=7DwpmWoa8ZQAX8tog8E&oh=36e07406e9ae7594a6176b84f0c83fe6&oe=5FB365B2,emilce.pachon,0,0
181,17857629302065278,¬øSe puede Invertir desde internet ?,1594615848,False,35569143594,False,https://instagram.fmex16-1.fna.fbcdn.net/v/t51.2885-19/s150x150/97279378_262160654980228_9094773487582576640_n.jpg?_nc_ht=instagram.fmex16-1.fna.fbcdn.net&_nc_ohc=ns5sAvBhBGkAX8BKadN&oh=1621288eaee125f749765fbc77705962&oe=5FB45784,david_bogota30,0,1
182,17872976410823646,Hay que abrir cuenta de ahorros,1594695512,False,1764510166,False,https://instagram.fmex16-1.fna.fbcdn.net/v/t51.2885-19/s150x150/118814167_2047450235378812_1061920469511595896_n.jpg?_nc_ht=instagram.fmex16-1.fna.fbcdn.net&_nc_ohc=PixHG231YTQAX_LOIgI&oh=f22a29046b642740550812b19bc7ff03&oe=5FB50EB5,lina_marcelam,0,1
183,17855637659098384,"Deseo informaci√≥n ,deseo invertir",1594732871,False,17318748012,False,https://instagram.fmex16-1.fna.fbcdn.net/v/t51.2885-19/s150x150/74698427_959833441020030_5726102325181808640_n.jpg?_nc_ht=instagram.fmex16-1.fna.fbcdn.net&_nc_ohc=rqCTtmWxTHQAX8t6LJr&oh=e6ab017d8890c54db27bae2a4fc3df73&oe=5FB25414,caroflo221028,0,1
184,17846774735247765,"La aplicacion se traba, es lenta,  la rentabilididad es diferente en la app.",1594768015,False,594460618,False,https://instagram.fmex16-1.fna.fbcdn.net/v/t51.2885-19/s150x150/94104314_224736235296197_8602844099755638784_n.jpg?_nc_ht=instagram.fmex16-1.fna.fbcdn.net&_nc_ohc=9u9yroonpvoAX9VyoJa&oh=db8c740c67ac35efd229ad1430b0d145&oe=5FB5660D,santiago_q_q,0,4
185,17856349222864770,üëèüëèüëèüëèüëèüëè,1584964842,False,10115107621,False,https://instagram.fmex16-1.fna.fbcdn.net/v/t51.2885-19/s150x150/47376357_290751255118121_5640732724823064576_n.jpg?_nc_ht=instagram.fmex16-1.fna.fbcdn.net&_nc_ohc=qHjaVkq8nJkAX9HVrPK&oh=ae29a7b1d2f8327a6749c55324264a36&oe=5FB59698,gise.solano07,0,0
186,17926468948373707,"Me surge una Inquietud respecto a los adultos mayores, que deben realizar retiro en el bbva de su pensi√≥n y no cuentan con una cuenta de n√≥mina ni ahorro y s√≥lo se puede hacer el cobro personalmente. ¬øQu√© medidas han optado ustedes?",1585068624,False,13319514165,False,https://instagram.fmex16-1.fna.fbcdn.net/v/t51.2885-19/s150x150/72487651_410920176267847_110934332331261952_n.jpg?_nc_ht=instagram.fmex16-1.fna.fbcdn.net&_nc_ohc=0zFFmMy2LNoAX8_M0SU&oh=8007e8f57bc1ea5b0e9e462a1ef2340b&oe=5FB4F408,wandergirl_19,1,0
187,18101901664139328,excelente recomendaci√≥n,1587602524,False,564784784,False,https://instagram.fmex16-1.fna.fbcdn.net/v/t51.2885-19/11422014_736720133117435_2141048636_a.jpg?_nc_ht=instagram.fmex16-1.fna.fbcdn.net&_nc_ohc=-CmmlHwsZZ0AX99Mmq4&oh=a36af449f1a6a78cc9ca9efab17a8969&oe=5FB46F29,mapisantiago,1,1
188,17855961157931434,"Deberian bajar un poco mas las comisiones a todo sus portafolios...para uno como usuario considerar seriamente,hacer un ahorro a largo plazo¬°¬°¬°",1587603018,False,5939808002,False,https://instagram.fmex16-1.fna.fbcdn.net/v/t51.2885-19/s150x150/21108101_350555695399838_7420214950607454208_a.jpg?_nc_ht=instagram.fmex16-1.fna.fbcdn.net&_nc_ohc=Iefsa0Mu90UAX_M_rik&oh=9340ae378e6f72ddfe0322b8761c360a&oe=5FB34527,richar9876,0,1
189,17871235963714329,ü§©,1587671897,False,219798406,False,https://instagram.fmex16-1.fna.fbcdn.net/v/t51.2885-19/s150x150/58629988_2392652357633584_4993860506302283776_n.jpg?_nc_ht=instagram.fmex16-1.fna.fbcdn.net&_nc_ohc=y-1f4a-O4zIAX_N67gB&oh=804cbd3b8cfaeeb7d662e6b5f51b0bef&oe=5FB4CAB9,deyupy,1,1
190,18062090671209333,Tengo qud tener una cuenta en bbva para depositar,1587699356,False,6409359467,False,https://instagram.fmex16-1.fna.fbcdn.net/v/t51.2885-19/s150x150/65566440_2089017304733719_547937775706439680_n.jpg?_nc_ht=instagram.fmex16-1.fna.fbcdn.net&_nc_ohc=h-LbX4NDrPgAX-OJ5IS&oh=8342c4b4d06a71e90271b3dcd7cdbb78&oe=5FB2A541,alcalderon05,1,1
191,17858022467131128,Me encanta !!!!!,1598409608,False,3683233199,False,https://instagram.fmex16-1.fna.fbcdn.net/v/t51.2885-19/s150x150/118560032_1248323322174049_3000199406396759543_n.jpg?_nc_ht=instagram.fmex16-1.fna.fbcdn.net&_nc_ohc=JZJDYp1FrD8AX_BMzfN&oh=f1d1e82c27900a0fd619138699f1beea&oe=5FB54826,soniagarnicas,1,0
192,17878023829768334,Excelente explicaci√≥n! üëè,1598409408,False,3683233199,False,https://instagram.fmex16-1.fna.fbcdn.net/v/t51.2885-19/s150x150/118560032_1248323322174049_3000199406396759543_n.jpg?_nc_ht=instagram.fmex16-1.fna.fbcdn.net&_nc_ohc=JZJDYp1FrD8AX_BMzfN&oh=f1d1e82c27900a0fd619138699f1beea&oe=5FB54826,soniagarnicas,1,0
193,17852127074197684,"Mala opci√≥n, inicie un proyecto de Inversi√≥n y de 40 mil que tenia, sin hablar de rentabilidad, solo pude sacar 30 mil de mi dinero, me tienen retenidos 10 mil, hice la inversi√≥n desde la App y desde esta aplicaci√≥n no me deja sacar mi dinero, sera que tendr√© que ir al Banco por los 10 mil ?? Hacer una larga fila, esperar mi turno, que radiquen mi solicitud y esperar unos d√≠as h√°biles que me solucionen?? Mala opci√≥n, mala experiencia, cajeros sin dinero en Unicentro, cajeros sin conexi√≥n, cobro de 12 mil por retirar por ventanilla, incidencias reportadas sin que me solucionen, me toco volverme un ingeniero en sistemas y solucionarlo yo mismo, ninguno de los que me llamo supo dar con el chiste de la incidencia, y soy masoquista, me quedo, porque los otros son peores, oportunidad de mejora y critica constructiva BBVA, no se duerman en los laureles!!",1598455669,False,3092691268,False,https://instagram.fmex16-1.fna.fbcdn.net/v/t51.2885-19/s150x150/99057080_245687856866811_1538707733560164352_n.jpg?_nc_ht=instagram.fmex16-1.fna.fbcdn.net&_nc_ohc=YuK2ojC1npEAX91SLvz&oh=ccc534a6617d00994402dde694da1156&oe=5FB43931,johandukeleon,1,1
194,17858258537103612,Cu√°nto es la rentabilidad en inter√©s fijo y cu√°nto es la rentabilidad de.interes variable??.... Tienen un porcentaje m√°ximo de perdidas y de cu√°nto es.... Hay contrato por tiempo ??.. me gustar√≠a informaci√≥n mi chas gracias,1598482952,False,5314508238,False,https://instagram.fmex16-1.fna.fbcdn.net/v/t51.2885-19/s150x150/101688346_982944145493638_6429460274247368704_n.jpg?_nc_ht=instagram.fmex16-1.fna.fbcdn.net&_nc_ohc=kKZFXB1h-d8AX9Ai1EQ&oh=d008ae555c3e66d1b6e2c661261da548&oe=5FB27173,alejo_santamaria20,1,1
196,18100541866158342,Hola una personas con Pep puede aperturar cuenta con ustedes,1590866893,False,330793607,False,https://instagram.fmex16-1.fna.fbcdn.net/v/t51.2885-19/s150x150/118471136_322474022518728_995592250230202977_n.jpg?_nc_ht=instagram.fmex16-1.fna.fbcdn.net&_nc_ohc=ERsYvcoEGyAAX_3pB4P&oh=d2548fda343bea2e65bda10d5227bc62&oe=5FB522D8,pilaricasanchezt,0,0
197,17891252851609073,Ummmmmyaaaaaa,1597695135,False,967284291,False,https://instagram.fmex16-1.fna.fbcdn.net/v/t51.2885-19/s150x150/91190783_583138922556558_6210353544139112448_n.jpg?_nc_ht=instagram.fmex16-1.fna.fbcdn.net&_nc_ohc=fq5F4wwRsNUAX-X2RG6&oh=0411ab5d836686861d53cdc507613143&oe=5FB49128,troncodehueso,0,0
198,18049033786254262,Pero no esta en la app esa opcion sale hasta 50000,1597711621,False,3659691028,False,https://instagram.fmex16-1.fna.fbcdn.net/v/t51.2885-19/s150x150/96451949_938431919918654_2777654396564013056_n.jpg?_nc_ht=instagram.fmex16-1.fna.fbcdn.net&_nc_ohc=iYOJlyeUZ5kAX97n_OO&oh=bfb47dcf6de0ca8d0091a005a5dddf27&oe=5FB3344A,oswaldo7543,1,2
199,17938416121389936,El peor banco que existe.. busque mejor otro banco por experiencia lo digo,1597711666,False,2262330267,False,https://instagram.fmex16-1.fna.fbcdn.net/v/t51.2885-19/s150x150/66486165_2344606775577114_6204562463640256512_n.jpg?_nc_ht=instagram.fmex16-1.fna.fbcdn.net&_nc_ohc=_3OxPoAC2jgAX-mIiTT&oh=0c1107a8e927ff61e20b75f04d2dd895&oe=5FB60F7B,sr.cortez1,0,2
200,18082208812201944,"Para los empresarios y emprendedores, los invitamos a conocernos.",1597769488,False,8631193905,False,https://instagram.fmex16-1.fna.fbcdn.net/v/t51.2885-19/s150x150/110945442_345752243493905_8718329931372299304_n.jpg?_nc_ht=instagram.fmex16-1.fna.fbcdn.net&_nc_ohc=VYuG6jn8nAUAX9GOwy9&oh=0c6c0652aa4450c527a1af0e19974aac&oe=5FB5838F,quaesoluciones,1,0
201,17889969739621419,"Ese es mi banco y no he tenido inconveniente, tengo m√°s de 3 millones en el fondo inversi√≥n digital y en 2 meses solo me andado 17 mil pesos, la verdad es muy poco",1597852826,False,4290576296,False,https://instagram.fmex16-1.fna.fbcdn.net/v/t51.2885-19/s150x150/26871634_148382439122361_6326725339426848768_n.jpg?_nc_ht=instagram.fmex16-1.fna.fbcdn.net&_nc_ohc=ItAYh1ei3XwAX8txcGY&oh=e8e2ce0565ab1782a5ab352a41941173&oe=5FB3ABCA,defer_87sul,1,5
202,18074558389216769,Nadie responde,1597974609,False,420785716,False,https://instagram.fmex16-1.fna.fbcdn.net/v/t51.2885-19/s150x150/120807203_326440851972744_3864778826180219005_n.jpg?_nc_ht=instagram.fmex16-1.fna.fbcdn.net&_nc_ohc=AUvdwMJmkK4AX-zYcYD&oh=3b312dd64f325819ea249bb0422bf389&oe=5FB50B5B,angelapm1254,1,0
203,17904135067516136,"Bancos malos y este, busquen otras opciones",1597980786,False,1062411508,False,https://instagram.fmex16-1.fna.fbcdn.net/v/t51.2885-19/s150x150/89265122_203853447632413_1249190233019252736_n.jpg?_nc_ht=instagram.fmex16-1.fna.fbcdn.net&_nc_ohc=3GXkjsmZ28cAX9DjOWS&oh=97ac53eece250909aafa577be924b406&oe=5FB3D1E2,pau_andc,0,0
204,17929545409410712,Porqueria de banco. Pelotean a uno para al final mandarlo a una agencia sin hacer preguntas de seguridad,1598280186,False,2144916968,False,https://instagram.fmex16-1.fna.fbcdn.net/v/t51.2885-19/s150x150/106596307_1158472394545535_3040827508246157634_n.jpg?_nc_ht=instagram.fmex16-1.fna.fbcdn.net&_nc_ohc=0urGkvuY0rUAX8bpCgl&oh=77bc8ed2b39121378ffcddb04bb095dc&oe=5FB51455,lorenahermer,0,0
205,17894837542589825,Es mejor invertir en los fondos privados da una rentabilidad real del 5%-8% mensual... En un a√±o se duplica la inversi√≥n .... lo digo por experiencia...,1598483357,False,5314508238,False,https://instagram.fmex16-1.fna.fbcdn.net/v/t51.2885-19/s150x150/101688346_982944145493638_6429460274247368704_n.jpg?_nc_ht=instagram.fmex16-1.fna.fbcdn.net&_nc_ohc=kKZFXB1h-d8AX9Ai1EQ&oh=d008ae555c3e66d1b6e2c661261da548&oe=5FB27173,alejo_santamaria20,0,1
206,17875084570938381,Disculpen como hago para comunicarme con un nivel superior si sospecho un fraude en una agencia bancaria BBVA en Bogot√° Colombia,1602698048,False,5958519857,False,https://instagram.fmex16-1.fna.fbcdn.net/v/t51.2885-19/s150x150/43232805_948779881992045_3582343771037106176_n.jpg?_nc_ht=instagram.fmex16-1.fna.fbcdn.net&_nc_ohc=l4svO6d70hcAX9W4W0b&oh=0a1dbff36e1c5442e06e2749971e3742&oe=5FB3A8F0,nccolmenares,0,0
207,17854932643942491,"Buenos d√≠as ,como funciona este sistemas de ahorro?",1587560033,False,1695255949,False,https://instagram.fmex16-1.fna.fbcdn.net/v/t51.2885-19/s150x150/75616179_569113366995507_8124030111826575360_n.jpg?_nc_ht=instagram.fmex16-1.fna.fbcdn.net&_nc_ohc=lUVsPSJnnZgAX8P48Sr&oh=97cb5f2c03b28379d2db9b1a49c2c3fb&oe=5FB5BD85,julies_palacio,2,1
208,17884277035527100,Para invertir.en riesgo alto cual es el monto,1587560048,False,1695255949,False,https://instagram.fmex16-1.fna.fbcdn.net/v/t51.2885-19/s150x150/75616179_569113366995507_8124030111826575360_n.jpg?_nc_ht=instagram.fmex16-1.fna.fbcdn.net&_nc_ohc=lUVsPSJnnZgAX8P48Sr&oh=97cb5f2c03b28379d2db9b1a49c2c3fb&oe=5FB5BD85,julies_palacio,2,1
209,17853086452959003,Tambien deberian bajar las comisiones...en todo el portafolio de inversion...para hacer un ahorro serio y largo plazo con ustedes...,1587602785,False,5939808002,False,https://instagram.fmex16-1.fna.fbcdn.net/v/t51.2885-19/s150x150/21108101_350555695399838_7420214950607454208_a.jpg?_nc_ht=instagram.fmex16-1.fna.fbcdn.net&_nc_ohc=Iefsa0Mu90UAX_M_rik&oh=9340ae378e6f72ddfe0322b8761c360a&oe=5FB34527,richar9876,2,1
210,18006066256287219,Lo √∫nico es que le descuentan 11900 mensual de mantenimiento d  target de d√©bito,1587609935,False,1777201806,False,https://instagram.fmex16-1.fna.fbcdn.net/v/t51.2885-19/s150x150/87208075_552864941989476_8233271002977533952_n.jpg?_nc_ht=instagram.fmex16-1.fna.fbcdn.net&_nc_ohc=A5AE8HgfiTkAX-wNWIt&oh=2cfe5452efb8aeaec57f58cceac31821&oe=5FB338FB,mayi060484,1,1
211,17844633806096110,Excelente! üëç,1587621696,False,9158636302,False,https://instagram.fmex16-1.fna.fbcdn.net/v/t51.2885-19/s150x150/43087705_1997007227047219_81220331238326272_n.jpg?_nc_ht=instagram.fmex16-1.fna.fbcdn.net&_nc_ohc=qugKVYetPgkAX9DoRV-&oh=10b38aba4ac2a02d658b79ad02adb169&oe=5FB591C6,calculo_estructural_colombia,1,1
212,17853202036953860,"Como hago para reactivar mi usuario y contrase√±a, ya que se me olvid√≥ y no puedo ingresar",1587664035,False,3024747925,False,https://instagram.fmex16-1.fna.fbcdn.net/v/t51.2885-19/s150x150/17817966_1447849278621867_6859504530573230080_a.jpg?_nc_ht=instagram.fmex16-1.fna.fbcdn.net&_nc_ohc=6WQqSH0dKKUAX_2ECwD&oh=9f2c921e8a10a57efe5c4c221dc83427&oe=5FB43294,jose_arias1983,1,1
213,17925120361390730,Hola!! Estoy interesado,1587745288,False,1099480855,False,https://instagram.fmex16-1.fna.fbcdn.net/v/t51.2885-19/s150x150/79518167_535028390427675_4658239864733433856_n.jpg?_nc_ht=instagram.fmex16-1.fna.fbcdn.net&_nc_ohc=d_bjMn3IQi0AX-vAr-P&oh=c8ba9bbe673b69d25b082389a6876f62&oe=5FB51FCF,yosoycharry,1,1
214,17870226682739091,Inf,1589770332,False,5663061761,False,https://instagram.fmex16-1.fna.fbcdn.net/v/t51.2885-19/s150x150/117184117_119836719562031_4766112470096390325_n.jpg?_nc_ht=instagram.fmex16-1.fna.fbcdn.net&_nc_ohc=9D6wq16Uq_AAX8BOAUe&oh=1b1718b000e2f652ea0c18c74391044c&oe=5FB2542F,fannyroxanasarmiento,1,1
215,17861059759888972,Wowwwww,1590162193,False,6521149668,False,https://instagram.fkul7-1.fna.fbcdn.net/v/t51.2885-19/44884218_345707102882519_2446069589734326272_n.jpg?_nc_ad=z-m&_nc_ht=instagram.fkul7-1.fna.fbcdn.net&_nc_ohc=MVEG8QTyVK4AX9VbbXD&oh=f4e9660f502b50f0c338910e3303b570&oe=5FB5D50F&ig_cache_key=YW5vbnltb3VzX3Byb2ZpbGVfcGlj.2,mv8235,1,0
217,17865749533830713,Que espect√°culo de iniciativa! ‚ù§Ô∏è,1590163371,False,29479810,False,https://instagram.fmex16-1.fna.fbcdn.net/v/t51.2885-19/s150x150/96536418_584792052147306_331719179176509440_n.jpg?_nc_ht=instagram.fmex16-1.fna.fbcdn.net&_nc_ohc=m7Lw3sleMegAX_Okngv&oh=773c13cd8974ee5c91ce25b35004a9f5&oe=5FB5BDFD,jvaleria,1,0
218,17888919175559445,Wow lo m√°ximo üòç,1590178103,False,230139370,False,https://instagram.fmex16-1.fna.fbcdn.net/v/t51.2885-19/s150x150/47353236_328180204695903_4657290208809582592_n.jpg?_nc_ht=instagram.fmex16-1.fna.fbcdn.net&_nc_ohc=_if1leRM2dkAX9pgRFh&oh=42b885893e9feafbe5d20b75fbef1d7a&oe=5FB24931,emiiiku,1,0
219,17868609814774759,"excelente noticias,",1590198913,False,564784784,False,https://instagram.fmex16-1.fna.fbcdn.net/v/t51.2885-19/11422014_736720133117435_2141048636_a.jpg?_nc_ht=instagram.fmex16-1.fna.fbcdn.net&_nc_ohc=-CmmlHwsZZ0AX99Mmq4&oh=a36af449f1a6a78cc9ca9efab17a8969&oe=5FB46F29,mapisantiago,1,0
220,17871009604797027,"Terrible que actualicen la aplicaci√≥n para el 1 de julio fecha en que todos Tenemos responsabilidades que pagar como arriendo y servicios; estando  en plena pandemia donde tenemos limitaciones  de poder salir.
Adicional a eso el envio de mensajes de confirmaci√≥n al celular se demoran mas de 7 min cuando el tiempo que da la pagina web y la app es de 1min 30 seg en BBVA Colombia",1593812291,False,294382624,False,https://instagram.fmex16-1.fna.fbcdn.net/v/t51.2885-19/10707013_552010174931687_1555938667_a.jpg?_nc_ht=instagram.fmex16-1.fna.fbcdn.net&_nc_ohc=biRmg0-GWzgAX-FbYSI&oh=227ec818335dd1b6de0c8b1025b9c1a8&oe=5FB42207,beromana,0,0
222,17921284816411304,Gracias por la recomendacion,1592225166,False,564784784,False,https://instagram.fmex16-1.fna.fbcdn.net/v/t51.2885-19/11422014_736720133117435_2141048636_a.jpg?_nc_ht=instagram.fmex16-1.fna.fbcdn.net&_nc_ohc=-CmmlHwsZZ0AX99Mmq4&oh=a36af449f1a6a78cc9ca9efab17a8969&oe=5FB46F29,mapisantiago,0,0
223,18103376254186204,"Si mi fondo es de 50000 cuanto ganaria, semanal o mensualmente",1587698885,False,6409359467,False,https://instagram.fmex16-1.fna.fbcdn.net/v/t51.2885-19/s150x150/65566440_2089017304733719_547937775706439680_n.jpg?_nc_ht=instagram.fmex16-1.fna.fbcdn.net&_nc_ohc=h-LbX4NDrPgAX-OJ5IS&oh=8342c4b4d06a71e90271b3dcd7cdbb78&oe=5FB2A541,alcalderon05,0,0
224,17887316491660861,Que bien! üëèüëè Super! Una pregunta tienen una app m√≥vil para descargar y conocer sus productos y servicios con m√°s facilidad? üíôüíô,1599270530,False,1193943006,False,https://instagram.fmex16-1.fna.fbcdn.net/v/t51.2885-19/s150x150/70766761_450672755806442_4628356500195115008_n.jpg?_nc_ht=instagram.fmex16-1.fna.fbcdn.net&_nc_ohc=KbgaHaS7F-AAX-0jALh&oh=d1d3dd0596e62b6b99764f63d20da054&oe=5FB4F6D3,mti_global,0,2
225,17940818746388563,No me permite dejar mi informaci√≥n personal para solicitar mayor informaci√≥n e invertir en uno de los tipos de fondo de inversi√≥n,1599435258,False,7206747232,False,https://instagram.fmex16-1.fna.fbcdn.net/v/t51.2885-19/s150x150/69413437_474586153139381_763470066527240192_n.jpg?_nc_ht=instagram.fmex16-1.fna.fbcdn.net&_nc_ohc=14BYmsWXVesAX_Iqlup&oh=78a4dd85daea54facba855d1dc5f9818&oe=5FB5ED21,jjuan_mc,0,1
226,17857695038130447,Me encuentro inconforme ya que seg√∫n la informaci√≥n de la p√°gina uno puede abrir cuenta online y a su vez crear una inversi√≥n sin costo y luego me llevo un cobro de comisi√≥n por casi 12 mil pesos üò¢,1599499820,False,1988495523,False,https://instagram.fmex16-1.fna.fbcdn.net/v/t51.2885-19/s150x150/25023518_1985339465121437_2089726924963184640_n.jpg?_nc_ht=instagram.fmex16-1.fna.fbcdn.net&_nc_ohc=SxBdexN4TB0AX89HH3j&oh=edf76a0ccbbfcc75ff96e4b3be63b460&oe=5FB5DBFF,pao_._rios,0,1
227,17896832062586422,"Ese banco es un fraude, es de lo m√°s malo q hay",1599531035,False,3502566965,False,https://instagram.fmex16-1.fna.fbcdn.net/v/t51.2885-19/s150x150/13597727_299863840348217_1792666563_a.jpg?_nc_ht=instagram.fmex16-1.fna.fbcdn.net&_nc_ohc=EOVyCd-WDYsAX-R0Kbj&oh=3e476c909156ad2cccf9e1519219d094&oe=5FB519FF,fantasiahechamujer_bisuteria_,1,1
228,17878188712793030,No se vinculen a ese banco,1599531045,False,3502566965,False,https://instagram.fmex16-1.fna.fbcdn.net/v/t51.2885-19/s150x150/13597727_299863840348217_1792666563_a.jpg?_nc_ht=instagram.fmex16-1.fna.fbcdn.net&_nc_ohc=EOVyCd-WDYsAX-R0Kbj&oh=3e476c909156ad2cccf9e1519219d094&oe=5FB519FF,fantasiahechamujer_bisuteria_,1,0
229,18130327387119200,P√©simo servicio en los canales digitales y presenciales molestia total,1599756210,False,580075927,False,https://instagram.fmex16-1.fna.fbcdn.net/v/t51.2885-19/s150x150/73119591_425711211654242_268212109110673408_n.jpg?_nc_ht=instagram.fmex16-1.fna.fbcdn.net&_nc_ohc=TNMUj03snvkAX9KHz4Q&oh=c2a1f1b4b1c280cdf3334a8a2877fffc&oe=5FB4AC1C,vivianabotero0815,0,0
230,17914737319471299,P√âSIMO no dan una carta de saldo de deuda llev√≥ tres semanas en la misma,1599756244,False,580075927,False,https://instagram.fmex16-1.fna.fbcdn.net/v/t51.2885-19/s150x150/73119591_425711211654242_268212109110673408_n.jpg?_nc_ht=instagram.fmex16-1.fna.fbcdn.net&_nc_ohc=TNMUj03snvkAX9KHz4Q&oh=c2a1f1b4b1c280cdf3334a8a2877fffc&oe=5FB4AC1C,vivianabotero0815,0,0
231,17848726769313627,Y lo tratan mal en las oficinas por solicitar un derecho,1599756257,False,580075927,False,https://instagram.fmex16-1.fna.fbcdn.net/v/t51.2885-19/s150x150/73119591_425711211654242_268212109110673408_n.jpg?_nc_ht=instagram.fmex16-1.fna.fbcdn.net&_nc_ohc=TNMUj03snvkAX9KHz4Q&oh=c2a1f1b4b1c280cdf3334a8a2877fffc&oe=5FB4AC1C,vivianabotero0815,0,0
232,17898287980571721,"Y si voy la solicito en la oficina tiene un costo de $13.000 y la env√≠an al correo para q yo la imprima sabiendo q tengo tc, cr√©dito by n√≥mina conchudos descarados",1599756339,False,580075927,False,https://instagram.fmex16-1.fna.fbcdn.net/v/t51.2885-19/s150x150/73119591_425711211654242_268212109110673408_n.jpg?_nc_ht=instagram.fmex16-1.fna.fbcdn.net&_nc_ohc=TNMUj03snvkAX9KHz4Q&oh=c2a1f1b4b1c280cdf3334a8a2877fffc&oe=5FB4AC1C,vivianabotero0815,0,1
233,18160897033007331,"Me cambie de banco y fue la peor decisi√≥n que tom√©, bbva no atiende tel√©fonos, el pago por pse no funciona, me descontaron de mi afc una cuota de un cr√©dito de consumo..... me cobran cuota de manejo es una tarjeta de cr√©dito  que no uso, la fue a devolver y no atienden por tel√©fono... que mala decisi√≥n tome pero bueno.... ya estoy tomando acciones para denunciar el p√©simo servicio de bbva y claro retirando mis productos no s√© c√≥mo lo lograr√© ya que que no atienden del tel√©fono y no responden, ni por Facebook, ni Instagram ..... Superintendencia Financiera de Colombia su apoyo por favor ....@asobancaria",1600465282,False,298310505,False,https://instagram.fmex16-1.fna.fbcdn.net/v/t51.2885-19/s150x150/104288294_599951547313438_2226474020092661462_n.jpg?_nc_ht=instagram.fmex16-1.fna.fbcdn.net&_nc_ohc=Yytiu_P01SEAX8DSGrd&oh=82d74a0e3d572b3c86ac6ca1630bbf42&oe=5FB23E13,lgaitanj,0,0
235,18080236177200838,@bbvaamcolombia una porqueria de banco. El call center y el robot no sirven para nada. Y en las oficinas hacen que uno pierda tiempo.,1598390174,False,2144916968,False,https://instagram.fmex16-1.fna.fbcdn.net/v/t51.2885-19/s150x150/106596307_1158472394545535_3040827508246157634_n.jpg?_nc_ht=instagram.fmex16-1.fna.fbcdn.net&_nc_ohc=0urGkvuY0rUAX8bpCgl&oh=77bc8ed2b39121378ffcddb04bb095dc&oe=5FB51455,lorenahermer,0,0
236,17907698428496434,Activen procesos De reactivacion por la web,1598390203,False,2144916968,False,https://instagram.fmex16-1.fna.fbcdn.net/v/t51.2885-19/s150x150/106596307_1158472394545535_3040827508246157634_n.jpg?_nc_ht=instagram.fmex16-1.fna.fbcdn.net&_nc_ohc=0urGkvuY0rUAX8bpCgl&oh=77bc8ed2b39121378ffcddb04bb095dc&oe=5FB51455,lorenahermer,0,0
237,17866530542047871,Gracias por haber donado sus aportes para los m√°s necesitados,1600147976,False,382085682,False,https://instagram.fmex16-1.fna.fbcdn.net/v/t51.2885-19/s150x150/118847576_3240070759419543_3793367546826434562_n.jpg?_nc_ht=instagram.fmex16-1.fna.fbcdn.net&_nc_ohc=q66ogzfGPHcAX9vdNNp&oh=9876d13512884a0ac98f5b850ea0c7a1&oe=5FB4A50A,sebastianperez2114,0,0
