"id","shortcode","type","is_video","dimension.height","dimension.width","display_url","thumbnail_src","owner.id","owner.username","description","comments","likes","comments_disabled","taken_at_timestamp","location","hashtags","mentions","views"
"2414039269318256535","CGAY-zhjueX","GraphImage",false,1080,1080,"https://instagram.fmex16-1.fna.fbcdn.net/v/t51.2885-15/fr/e15/s1080x1080/120816900_350341062953616_8716660932498674113_n.jpg?_nc_ht=instagram.fmex16-1.fna.fbcdn.net&_nc_cat=100&_nc_ohc=rC5BFkfvMUYAX8f6-3y&oh=8bc8e93ae5ee4156268ec97c66adc159&oe=5FB3D3D3","https://instagram.fmex16-1.fna.fbcdn.net/v/t51.2885-15/sh0.08/e35/s640x640/120816900_350341062953616_8716660932498674113_n.jpg?_nc_ht=instagram.fmex16-1.fna.fbcdn.net&_nc_cat=100&_nc_ohc=rC5BFkfvMUYAX8f6-3y&_nc_tp=24&oh=bbaea8dcac48468f88d6dfb8e987b341&oe=5FB34D1C","5445580014","bbva_argentina","Lector empedernido, curioso y apasionado por el aprendizaje constante, Carlos Torres Vila viene de una familia de maestros por los cuatro costados. Todos sus abuelos y su madre se han dedicado a la ense√±anza. Por eso no es de extra√±ar que el presidente de BBVA defienda firmemente la educaci√≥n como ‚Äúel motor de crecimiento de la sociedad, la puerta de las oportunidades y una fuerza, quiz√° la m√°s importante, para corregir las desigualdades que existen en nuestra sociedad.‚Äù

Casado y padre de tres hijos, a los que insiste en transmitirles la importancia del esfuerzo, como le inculcaron a √©l sus padres, y una visi√≥n del √©xito ligada al camino, m√°s que al resultado: ‚ÄúLo importante es hacer lo que est√° en tu mano; no tanto alcanzar las metas o el resultado‚Äù. Asegura que en la vida es fundamental no tener miedo a ser uno mismo: ‚ÄúLa mejor receta para el √©xito es ser genuino; tener la valent√≠a para crecer aprendiendo cada d√≠a y pensando en el impacto en los dem√°s‚Äù.

#Ense√±anza #Esfuerzo #AprendemosJuntos",71,113,false,1601995927,,"[""#Ense"",""#Esfuerzo"",""#AprendemosJuntos""]","[]",
"2411114164979476450","CF1_470g6fi","GraphSidecar",false,1350,1080,"https://instagram.fmex16-1.fna.fbcdn.net/v/t51.2885-15/fr/e15/p1080x1080/120453939_790191415093835_7527501692377492556_n.jpg?_nc_ht=instagram.fmex16-1.fna.fbcdn.net&_nc_cat=111&_nc_ohc=jmYFaT5yB-QAX_QTRH1&oh=c89b510240653b8758a176461d5bcb14&oe=5FB4B23A","https://instagram.fmex16-1.fna.fbcdn.net/v/t51.2885-15/sh0.08/e35/c0.135.1080.1080a/s640x640/120453939_790191415093835_7527501692377492556_n.jpg?_nc_ht=instagram.fmex16-1.fna.fbcdn.net&_nc_cat=111&_nc_ohc=jmYFaT5yB-QAX_QTRH1&oh=bdb8ffee2291b1b9206499c627764cac&oe=5FB5C48D","5445580014","bbva_argentina","Segu√≠ estos #BBVATips para protegerte de las estafas telef√≥nicas.

#AprendiendoACuidarnos",185,434,false,1601647228,,"[""#BBVATips"",""#AprendiendoACuidarnos""]","[]",
"2419270873241485526","CGS-gqXAgDW","GraphVideo",true,1350,1080,"https://instagram.fmex16-1.fna.fbcdn.net/v/t51.2885-15/fr/e15/p1080x1080/121354378_117932810081198_3822868712712395243_n.jpg?_nc_ht=instagram.fmex16-1.fna.fbcdn.net&_nc_cat=102&_nc_ohc=zZeQokrhCVgAX8AIFw5&oh=e55605e1bdbb0684bf2bd660e78a8a45&oe=5F8C975D","https://instagram.fmex16-1.fna.fbcdn.net/v/t51.2885-15/sh0.08/e35/c0.135.1080.1080a/s640x640/121354378_117932810081198_3822868712712395243_n.jpg?_nc_ht=instagram.fmex16-1.fna.fbcdn.net&_nc_cat=102&_nc_ohc=zZeQokrhCVgAX8AIFw5&oh=014807d5c6882189025fb9708ceba172&oe=5F8CAFAA","5445580014","bbva_argentina","""La historia de la civilizaci√≥n nos muestra que la curiosidad a la larga no solo mejora nuestras vidas, sino que las hace m√°s interesantes. Saber c√≥mo funcionan las cosas es un placer "". Para el ingeniero aerospacial de la NASA, Miguel San Mart√≠n, la curiosidad es el motor que mueve el mundo. 

üëâ http://bbva.info/MiguelSanMartin 

#Curiosidad #AprendemosJuntos",25,25,false,1602619588,,"[""#Curiosidad"",""#AprendemosJuntos""]","[]",1505
"2419795190979419437","CGU1ufTht0t","GraphVideo",true,1080,1080,"https://instagram.fmex16-1.fna.fbcdn.net/v/t51.2885-15/fr/e15/s1080x1080/121515169_1036710603425145_8136702202784666202_n.jpg?_nc_ht=instagram.fmex16-1.fna.fbcdn.net&_nc_cat=109&_nc_ohc=crHXV0WuOsEAX9KkFDt&oh=759557764aad5a9cd5893d984486fe2a&oe=5F8D0BC1","https://instagram.fmex16-1.fna.fbcdn.net/v/t51.2885-15/sh0.08/e35/s640x640/121515169_1036710603425145_8136702202784666202_n.jpg?_nc_ht=instagram.fmex16-1.fna.fbcdn.net&_nc_cat=109&_nc_ohc=crHXV0WuOsEAX9KkFDt&_nc_tp=24&oh=53e15d249bca81917fb71460032cc57d&oe=5F8CEC05","5445580014","bbva_argentina","Los bancos nunca vamos a pedirte claves o n√∫meros de tarjeta completos. Hay perfiles en redes sociales que solicitan esta informaci√≥n para enga√±arte, por eso fijate siempre de estar hablando con las cuentas oficiales.

#CuidateDeLasEstafas #Proteg√©TuInformaci√≥n",99,65,false,1602682091,,"[""#CuidateDeLasEstafas"",""#Proteg""]","[]",2087
"2410389247868530878","CFzbEAJn_C-","GraphVideo",true,1350,1080,"https://instagram.fmex16-1.fna.fbcdn.net/v/t51.2885-15/fr/e15/p1080x1080/120453881_136381914808649_901397216970120060_n.jpg?_nc_ht=instagram.fmex16-1.fna.fbcdn.net&_nc_cat=105&_nc_ohc=3bxUG-VYDmQAX9GA8Re&oh=4c0ddb0b70846c14d528d66dd3a9b240&oe=5F8CA43C","https://instagram.fmex16-1.fna.fbcdn.net/v/t51.2885-15/sh0.08/e35/c0.135.1080.1080a/s640x640/120453881_136381914808649_901397216970120060_n.jpg?_nc_ht=instagram.fmex16-1.fna.fbcdn.net&_nc_cat=105&_nc_ohc=3bxUG-VYDmQAX9GA8Re&oh=7c1faa2dd78642d21f7533e5536d06a0&oe=5F8CCA6A","5445580014","bbva_argentina","No todo se comparte, y menos la compu del laburo. Aprovech√° descuentos en el Shop de Go.",58,51,false,1601560817,,"[]","[]",1729
"2416172312782057393","CGH9-rDgi-x","GraphVideo",true,1080,1080,"https://instagram.fmex16-1.fna.fbcdn.net/v/t51.2885-15/fr/e15/s1080x1080/121103471_1695640083926818_1516559513164921613_n.jpg?_nc_ht=instagram.fmex16-1.fna.fbcdn.net&_nc_cat=110&_nc_ohc=rILIEWzAwRIAX-PDZB2&oh=aaf7a4b19b11c838ba210c17d62dfe50&oe=5F8CB5C6","https://instagram.fmex16-1.fna.fbcdn.net/v/t51.2885-15/sh0.08/e35/s640x640/121103471_1695640083926818_1516559513164921613_n.jpg?_nc_ht=instagram.fmex16-1.fna.fbcdn.net&_nc_cat=110&_nc_ohc=rILIEWzAwRIAX-PDZB2&_nc_tp=24&oh=72ce1e80545c379ef90b2e0de60f478f&oe=5F8CCA42","5445580014","bbva_argentina","Los bancos nunca vamos a pedirte claves o n√∫meros de tarjetas completos. Hay perfiles en redes sociales que solicitan esta informaci√≥n para enga√±arte, por eso fijate siempre de estar hablando con las cuentas oficiales.

#CuidateDeLasEstafas #Proteg√©TuInformaci√≥n",82,92,false,1602250210,,"[""#CuidateDeLasEstafas"",""#Proteg""]","[]",2771
"2414740369360299917","CGC4ZJ0hCeN","GraphVideo",true,1080,1080,"https://instagram.fmex16-1.fna.fbcdn.net/v/t51.2885-15/fr/e15/s1080x1080/120894982_334819070915420_8881554886719155327_n.jpg?_nc_ht=instagram.fmex16-1.fna.fbcdn.net&_nc_cat=108&_nc_ohc=X3uwJXmygSUAX-sEz8D&oh=e08db1ec98dcd76143b348803421ddf7&oe=5F8D0000","https://instagram.fmex16-1.fna.fbcdn.net/v/t51.2885-15/sh0.08/e35/s640x640/120894982_334819070915420_8881554886719155327_n.jpg?_nc_ht=instagram.fmex16-1.fna.fbcdn.net&_nc_cat=108&_nc_ohc=X3uwJXmygSUAX-sEz8D&_nc_tp=24&oh=ecfac1b5caf98e9631c9803cdc508668&oe=5F8D14B7","5445580014","bbva_argentina","Los bancos nos unimos para ayudarte a cuidar tus datos de las estafas.

Por favor, verific√° siempre estar hablando con la cuenta oficial de tu banco y ten√© en cuenta estos consejos.

#CuidateDeLasEstafas #Proteg√©TuInformaci√≥n",207,172,false,1602079511,,"[""#CuidateDeLasEstafas"",""#Proteg""]","[]",4198
"2400242357952053373","CFPX7UglAB9","GraphSidecar",false,1350,1080,"https://instagram.fmex16-1.fna.fbcdn.net/v/t51.2885-15/fr/e15/p1080x1080/119225513_242664600458386_4130078108424164009_n.jpg?_nc_ht=instagram.fmex16-1.fna.fbcdn.net&_nc_cat=110&_nc_ohc=ISyUUtncHh4AX9z5IVY&oh=b3d9f4d4863fa9cccd8daebc633723df&oe=5FB492F7","https://instagram.fmex16-1.fna.fbcdn.net/v/t51.2885-15/sh0.08/e35/c0.135.1080.1080a/s640x640/119225513_242664600458386_4130078108424164009_n.jpg?_nc_ht=instagram.fmex16-1.fna.fbcdn.net&_nc_cat=110&_nc_ohc=ISyUUtncHh4AX9z5IVY&oh=02d22619a67b4d97d60cb1c131d1dc39&oe=5FB365C4","5445580014","bbva_argentina","Te compartimos estos #BBVATips para que te cuides de las estafas por e-mail. 
#AprendiendoACuidarnos",182,314,false,1600351207,,"[""#BBVATips"",""#AprendiendoACuidarnos""]","[]",
"2403866363729037194","CFcP7i5lEeK","GraphVideo",true,1350,1080,"https://instagram.fmex16-1.fna.fbcdn.net/v/t51.2885-15/fr/e15/p1080x1080/119943241_526232511549220_1810418555603388762_n.jpg?_nc_ht=instagram.fmex16-1.fna.fbcdn.net&_nc_cat=104&_nc_ohc=hnuL5GKs2OIAX92pvzL&oh=52922919251a2c06e9d7cbb66d31d3df&oe=5F8C999B","https://instagram.fmex16-1.fna.fbcdn.net/v/t51.2885-15/sh0.08/e35/c0.135.1080.1080a/s640x640/119943241_526232511549220_1810418555603388762_n.jpg?_nc_ht=instagram.fmex16-1.fna.fbcdn.net&_nc_cat=104&_nc_ohc=hnuL5GKs2OIAX92pvzL&oh=871e717d22b5ee8cabbe1a8caf288952&oe=5F8CE0B0","5445580014","bbva_argentina","La contaminaci√≥n est√° afectando tambi√©n a nuestra inteligencia. ‚ÄúSi no lo hemos hecho por nuestros pulmones, habr√° que hacerlo por nuestro cerebro. Y si no queremos cargarnos la inteligencia de la generaci√≥n que viene habr√° que tomar medidas inteligentes ahora que todav√≠a nos queda un poco de cerebro no demasiado contaminado‚Äù. La directora de Salud P√∫blica de la OMS, Mar√≠a Neira, se√±ala la importancia de actuar frente a la poluci√≥n del aire que respiramos. 

üëâ http://bbva.info/MariaNeira 

#AprendemosJuntos #AiresLimpios",202,72,false,1600783226,,"[""#AprendemosJuntos"",""#AiresLimpios""]","[]",2583
"2409730805952123599","CFxFWaVF5LP","GraphVideo",true,1350,1080,"https://instagram.fmex16-1.fna.fbcdn.net/v/t51.2885-15/fr/e15/p1080x1080/120355777_3379426648770435_4373831547302221003_n.jpg?_nc_ht=instagram.fmex16-1.fna.fbcdn.net&_nc_cat=103&_nc_ohc=PJJYgaVpfkYAX-rJxsu&oh=d644cf097eb5aeea651e35cefbde3493&oe=5F8CAD58","https://instagram.fmex16-1.fna.fbcdn.net/v/t51.2885-15/sh0.08/e35/c0.135.1080.1080a/s640x640/120355777_3379426648770435_4373831547302221003_n.jpg?_nc_ht=instagram.fmex16-1.fna.fbcdn.net&_nc_cat=103&_nc_ohc=PJJYgaVpfkYAX-rJxsu&oh=0d3b31b828ef8c7082f78be1355bffa1&oe=5F8CA485","5445580014","bbva_argentina","‚ÄúNo todas las familias, debido a la brecha digital y social, tienen la posibilidad de que sus hijos tengan un ordenador o un espacio f√≠sico para estudiar‚Äù. El profesor David Calle anima a los padres a que ense√±en a sus hijos a gestionar su propio tiempo: ‚Äúla autonom√≠a es una de las mejores cosas que podemos ense√±arles a nuestros hijos‚Äù, dice. 

üëâ http://bbva.info/DavidCalle 

#AprendemosJuntos #Brechadigital #Eduaci√≥n",37,98,false,1601482322,,"[""#AprendemosJuntos"",""#Brechadigital"",""#Eduaci""]","[]",3729
"2409070137070454064","CFuvIafFgUw","GraphVideo",true,1350,1080,"https://instagram.fmex16-1.fna.fbcdn.net/v/t51.2885-15/fr/e15/p1080x1080/120315391_345783199973470_7930760497445252629_n.jpg?_nc_ht=instagram.fmex16-1.fna.fbcdn.net&_nc_cat=110&_nc_ohc=ktnLOp_aIGMAX_qBNJ9&oh=d0388dfd3cd3470f1b6641b303714e42&oe=5F8D36E2","https://instagram.fmex16-1.fna.fbcdn.net/v/t51.2885-15/sh0.08/e35/c0.135.1080.1080a/s640x640/120315391_345783199973470_7930760497445252629_n.jpg?_nc_ht=instagram.fmex16-1.fna.fbcdn.net&_nc_cat=110&_nc_ohc=ktnLOp_aIGMAX_qBNJ9&oh=f2eab19407fc239a3679291760227625&oe=5F8CC615","5445580014","bbva_argentina","¬øEst√°s listo para la PlayStation¬Æ5? üéÆüôå
Aprovech√° cuotas sin inter√©s en la preventa con tus Tarjetas BBVA.
üëâ http://bbva.info/fgo",75,168,false,1601403573,,"[]","[]",4143
"2408390774394132639","CFsUqYsFxif","GraphVideo",true,1350,1080,"https://instagram.fmex16-1.fna.fbcdn.net/v/t51.2885-15/fr/e15/p1080x1080/120203250_838216213605382_7419200200154360678_n.jpg?_nc_ht=instagram.fmex16-1.fna.fbcdn.net&_nc_cat=110&_nc_ohc=DCONAFDMqKYAX_1fcCB&oh=225ebdbcd7cbc9f203eb385b0891a6af&oe=5F8CCEF6","https://instagram.fmex16-1.fna.fbcdn.net/v/t51.2885-15/sh0.08/e35/c0.135.1080.1080a/s640x640/120203250_838216213605382_7419200200154360678_n.jpg?_nc_ht=instagram.fmex16-1.fna.fbcdn.net&_nc_cat=110&_nc_ohc=DCONAFDMqKYAX_1fcCB&oh=fef05f45d403a56077058d5e43c922f1&oe=5F8C9F41","5445580014","bbva_argentina","No necesit√°s ser Miguel √Ångel para pintar la pared del quincho. Aprovech√° descuentos en decoraci√≥n y refacci√≥n para el hogar.",80,51,false,1601322580,,"[]","[]",1909
"2393751957774198190","CE4ULkThuWu","GraphVideo",true,1350,1080,"https://instagram.fmex16-1.fna.fbcdn.net/v/t51.2885-15/fr/e15/p1080x1080/118875655_363603218361663_6955036389265298710_n.jpg?_nc_ht=instagram.fmex16-1.fna.fbcdn.net&_nc_cat=103&_nc_ohc=ccGd_T5qDgAAX8pGAqM&oh=739eaf23fe51f92e0e266f09508003b6&oe=5F8C90DC","https://instagram.fmex16-1.fna.fbcdn.net/v/t51.2885-15/sh0.08/e35/c0.135.1080.1080a/s640x640/118875655_363603218361663_6955036389265298710_n.jpg?_nc_ht=instagram.fmex16-1.fna.fbcdn.net&_nc_cat=103&_nc_ohc=ccGd_T5qDgAAX8pGAqM&oh=03263dd132bc8a0e5b55c0bd0f3aaa55&oe=5F8D226F","5445580014","bbva_argentina","‚ÄúSi nutrimos a los ni√±os de palabras, estamos dot√°ndolos de recursos de los que se beneficiar√°n no solo en la escuela sino la propia expresi√≥n del ni√±o como ciudadano que necesita expresarse y entender lo que expresan otros‚Äù. La fil√≥loga e investigadora, Lola Pons, defiende que los m√°s peque√±os deben acercarse a la lengua, sabore√°ndola a trav√©s de la literatura y el gusto por la palabra precisa.

üëâ http://bbva.info/LolaPons 

#AprendemosJuntos #Filolog√≠a #Literatura",236,57,false,1599577496,,"[""#AprendemosJuntos"",""#Filolog"",""#Literatura""]","[]",2244
"2398813064768372586","CFKS8XgFb9q","GraphVideo",true,1350,1080,"https://instagram.fmex16-1.fna.fbcdn.net/v/t51.2885-15/fr/e15/p1080x1080/119228073_966336940536637_7014650928075748494_n.jpg?_nc_ht=instagram.fmex16-1.fna.fbcdn.net&_nc_cat=101&_nc_ohc=mV51CSlh7UwAX94i3Ln&oh=b56d52d5a261613d9943fa5b0bbede43&oe=5F8CBFDE","https://instagram.fmex16-1.fna.fbcdn.net/v/t51.2885-15/sh0.08/e35/c0.135.1080.1080a/s640x640/119228073_966336940536637_7014650928075748494_n.jpg?_nc_ht=instagram.fmex16-1.fna.fbcdn.net&_nc_cat=101&_nc_ohc=mV51CSlh7UwAX94i3Ln&oh=fdb63641ffeb61e3365c6613564e8b9a&oe=5F8D0A29","5445580014","bbva_argentina","Coser y narrar. ‚ÄúMi hip√≥tesis es que las mujeres fueron las narradoras por antonomasia de los primeros momentos de la oralidad y al mismo tiempo que cos√≠an, se contaban cuentos, se contaban sus emociones, se contaban sus historias y por eso utilizaban las met√°foras de la costura. As√≠ que hay all√≠ toda una historia borrada y muy dif√≠cil de rastrear sobre la aportaci√≥n intelectual de las mujeres como maestras‚Äù. Irene Vallejo, escritora y autora de ‚ÄúEl infinito en un junco‚Äù. 

üëâ http://bbva.info/IreneVallejo 

#AprendemosJuntos #MujeresBorradas #Literatura",105,56,false,1600180826,,"[""#AprendemosJuntos"",""#MujeresBorradas"",""#Literatura""]","[]",3412
"2398304905225052127","CFIfZrDBB_f","GraphVideo",true,1350,1080,"https://instagram.fmex16-1.fna.fbcdn.net/v/t51.2885-15/fr/e15/p1080x1080/119315279_353227605812086_8467538413606113752_n.jpg?_nc_ht=instagram.fmex16-1.fna.fbcdn.net&_nc_cat=110&_nc_ohc=b8_sigL5wBsAX_ZQuFA&oh=ac0bad1ce887940a831de5f9f3caeb53&oe=5F8CEEB4","https://instagram.fmex16-1.fna.fbcdn.net/v/t51.2885-15/sh0.08/e35/c0.135.1080.1080a/s640x640/119315279_353227605812086_8467538413606113752_n.jpg?_nc_ht=instagram.fmex16-1.fna.fbcdn.net&_nc_cat=110&_nc_ohc=b8_sigL5wBsAX_ZQuFA&oh=957ef5b447782188a394c0bee03a302b&oe=5F8CC207","5445580014","bbva_argentina","¬øQuer√©s conocer sobre finanzas sostenibles y productos bancarios?
Aprend√© sobre estos temas y m√°s en nuestra plataforma digital de educaci√≥n
financiera en edufin.bbva.com.ar",57,81,false,1600120251,,"[]","[]",2445
"2390820564898976050","CEt5qL8gJEy","GraphVideo",true,1350,1080,"https://instagram.fmex16-1.fna.fbcdn.net/v/t51.2885-15/fr/e15/p1080x1080/118603554_108885397536150_2308527421810565740_n.jpg?_nc_ht=instagram.fmex16-1.fna.fbcdn.net&_nc_cat=106&_nc_ohc=3VLk5igwmjYAX9VveoV&oh=b1a77aacfd5c2f73e174b7a4d244fcb5&oe=5F8D1BDB","https://instagram.fmex16-1.fna.fbcdn.net/v/t51.2885-15/sh0.08/e35/c0.135.1080.1080a/s640x640/118603554_108885397536150_2308527421810565740_n.jpg?_nc_ht=instagram.fmex16-1.fna.fbcdn.net&_nc_cat=106&_nc_ohc=3VLk5igwmjYAX9VveoV&oh=348aad5c006179af120a35da838fa2ee&oe=5F8D2230","5445580014","bbva_argentina","Todos los d√≠as se crean perfiles falsos en redes sociales para enga√±arte y robarte tus datos. Segu√≠ nuestros #bbvatips y aprendamos a cuidarnos.
#AprendiendoACuidarnos",158,99,false,1599228054,,"[""#bbvatips"",""#AprendiendoACuidarnos""]","[]",2299
"2388820347493722933","CEmy3MUlqs1","GraphVideo",true,1350,1080,"https://instagram.fmex16-1.fna.fbcdn.net/v/t51.2885-15/fr/e15/p1080x1080/118592519_114187147074512_1057679173257106796_n.jpg?_nc_ht=instagram.fmex16-1.fna.fbcdn.net&_nc_cat=108&_nc_ohc=XCM6BMRwJp4AX-y6H0m&oh=30a186d1338ce53c0cd4df044b39f739&oe=5F8D01B4","https://instagram.fmex16-1.fna.fbcdn.net/v/t51.2885-15/sh0.08/e35/c0.135.1080.1080a/s640x640/118592519_114187147074512_1057679173257106796_n.jpg?_nc_ht=instagram.fmex16-1.fna.fbcdn.net&_nc_cat=108&_nc_ohc=XCM6BMRwJp4AX-y6H0m&oh=9e59c23fa8a0845bfe5017a40b9252dc&oe=5F8D2487","5445580014","bbva_argentina","‚ÄúAhora que tanto hablamos de lo com√∫n, de lo colectivo, ahora que estamos en esta herida reci√©n hecha, que estamos muy pendientes en las ciudades, estamos reproduciendo los modos de vida de los pueblos‚Äù. La veterinaria y escritora, Mar√≠a S√°nchez (@mmercromina) pone en valor los espacios rurales, los alimentos que producen estos territorios y la cercan√≠a con la que se vive en los pueblos. 

üëâ http://bbva.info/MariaSanchez 

#AprendemosJuntos #Sustentabilidad #VidaRural",111,66,false,1598989601,,"[""#AprendemosJuntos"",""#Sustentabilidad"",""#VidaRural""]","[""@mmercromina""]",4593
"2373432923794917635","CDwIKtRA0kD","GraphImage",false,1350,1080,"https://instagram.fmex16-1.fna.fbcdn.net/v/t51.2885-15/fr/e15/p1080x1080/117628848_187442812729166_4503095454615396980_n.jpg?_nc_ht=instagram.fmex16-1.fna.fbcdn.net&_nc_cat=102&_nc_ohc=D40x42mqDCwAX947nh4&oh=fa6ed2bb0fe252d4cb29b6be265b30fd&oe=5FB3BC60","https://instagram.fmex16-1.fna.fbcdn.net/v/t51.2885-15/sh0.08/e35/c0.135.1080.1080a/s640x640/117628848_187442812729166_4503095454615396980_n.jpg?_nc_ht=instagram.fmex16-1.fna.fbcdn.net&_nc_cat=102&_nc_ohc=D40x42mqDCwAX947nh4&oh=f1c5f5f613082f06fc2d2d46bcd75cbe&oe=5FB263EB","5445580014","bbva_argentina","Profesor, escritor y experto en el Renacimiento, Nuccio Ordine recuerda la importancia de las relaciones humanas ‚Äúreales‚Äù en un contexto marcado por la necesidad de relacionarnos a trav√©s de las pantallas. ‚ÄúUna relaci√≥n, para ser genuina, necesita lazos vivos, lazos reales y f√≠sicos‚Äù, asegura. El experto, profesor de Literatura italiana de la Universidad de Calabria, reivindica, adem√°s, la ense√±anza presencial y el contacto entre profesores y alumnos en el aula. ‚ÄúEstamos olvidando que sin la vida comunitaria, sin los rituales que regulan los encuentros entre profesores y alumnos en las aulas, no puede haber ni transmisi√≥n del saber, ni formaci√≥n aut√©ntica‚Äù, se√±ala.

üëâ https://bbva.info/NuccioOrdine

#AprendemosJuntos",216,113,false,1597155274,,"[""#AprendemosJuntos""]","[]",
"2369146600147099312","CDg5kfSl56w","GraphImage",false,1350,1080,"https://instagram.fmex16-1.fna.fbcdn.net/v/t51.2885-15/fr/e15/p1080x1080/117289003_929510174199383_3812668298304987395_n.jpg?_nc_ht=instagram.fmex16-1.fna.fbcdn.net&_nc_cat=111&_nc_ohc=EumbeX_60xkAX_jwT6X&oh=71f04c44bdfc9985ea504892575334c1&oe=5FB60450","https://instagram.fmex16-1.fna.fbcdn.net/v/t51.2885-15/sh0.08/e35/c0.135.1080.1080a/s640x640/117289003_929510174199383_3812668298304987395_n.jpg?_nc_ht=instagram.fmex16-1.fna.fbcdn.net&_nc_cat=111&_nc_ohc=EumbeX_60xkAX_jwT6X&oh=6cd5cd3bdd8948f65cf39db7513370a4&oe=5FB2E07B","5445580014","bbva_argentina","‚ÄúLas personas que se sienten solas no son las que tienen menos amigos, sino las que no tienen al menos a alguien con quien hablar de asuntos √≠ntimos. Cuando hablamos de soledad, no se trata de cantidad, sino de calidad‚Äù, cuenta Alejandro Cencerrado, del Instituto de la Felicidad de Copenhague.
üëâ https://bbva.info/AlejandroCencerrado

#AprendemosJuntos",281,142,false,1596644304,,"[""#AprendemosJuntos""]","[]",
"2379274739769609241","CEE4cUXBwwZ","GraphVideo",true,1350,1080,"https://instagram.fmex16-1.fna.fbcdn.net/v/t51.2885-15/fr/e15/p1080x1080/118180038_174068910857405_3147651247104651718_n.jpg?_nc_ht=instagram.fmex16-1.fna.fbcdn.net&_nc_cat=105&_nc_ohc=dbyVVTpzhKMAX9i9nTt&oh=8e87745976a290e9468fe7503caf1ae1&oe=5F8CD329","https://instagram.fmex16-1.fna.fbcdn.net/v/t51.2885-15/sh0.08/e35/c0.135.1080.1080a/s640x640/118180038_174068910857405_3147651247104651718_n.jpg?_nc_ht=instagram.fmex16-1.fna.fbcdn.net&_nc_cat=105&_nc_ohc=dbyVVTpzhKMAX9i9nTt&oh=12784a095478b11cb351c9e62486c033&oe=5F8CAF1E","5445580014","bbva_argentina","Con su iniciativa 'Quiet Revolution', Susan Cain dio voz a las personas introvertidas y reivindic√≥ sus capacidades en una sociedad que tiende a subestimarlas y mirarlas con desconfianza. ‚ÄúDise√±amos nuestras escuelas y lugares de trabajo pensando solo en los extrovertidos y desaprovechamos el talento de los introvertidos‚Äù, destaca la escritora estadounidense.

üëâ https://bbva.info/SusanCain 

#AprendemosJuntos",129,99,false,1597851677,,"[""#AprendemosJuntos""]","[]",3564
"2363458728953859844","CDMsTEcl08E","GraphImage",false,1350,1080,"https://instagram.fmex16-1.fna.fbcdn.net/v/t51.2885-15/fr/e15/p1080x1080/116380825_665992744014770_3281454067889033192_n.jpg?_nc_ht=instagram.fmex16-1.fna.fbcdn.net&_nc_cat=102&_nc_ohc=3t7IIiIJN6YAX9amjje&oh=9afbb7ec82859224d69ab69b99cd22cb&oe=5FB511C6","https://instagram.fmex16-1.fna.fbcdn.net/v/t51.2885-15/sh0.08/e35/c0.135.1080.1080a/s640x640/116380825_665992744014770_3281454067889033192_n.jpg?_nc_ht=instagram.fmex16-1.fna.fbcdn.net&_nc_cat=102&_nc_ohc=3t7IIiIJN6YAX9amjje&oh=f6c56bc36b7f11fb712e24a4534403c8&oe=5FB47E71","5445580014","bbva_argentina","El explorador Ernest Shackleton pas√≥ 16 meses confinado en la Ant√°rtida cuando se hundi√≥ su barco en 1914. Javier Cacho, escritor y divulgador cient√≠fico, reflexiona sobre la actitud de este famoso explorador: ‚ÄúDorm√≠an en tiendas de campa√±a sobre el mar helado. Pero logr√≥ mantener a su gente entusiasta: ‚ÄòMuchachos, de esta salimos‚Äò‚Äù.
üëâ https://bbva.info/JavierCacho

#AprendemosJuntos",200,188,false,1595966257,,"[""#AprendemosJuntos""]","[]",
"2358238824243867532","CC6JbdWly-M","GraphImage",false,1350,1080,"https://instagram.fmex16-1.fna.fbcdn.net/v/t51.2885-15/fr/e15/p1080x1080/109250633_118212079963684_5237198112193073226_n.jpg?_nc_ht=instagram.fmex16-1.fna.fbcdn.net&_nc_cat=104&_nc_ohc=gIHHuVIKIs0AX_9PHL0&oh=74c3ff79d1410ea4fbb54ae1adcd0c49&oe=5FB498A2","https://instagram.fmex16-1.fna.fbcdn.net/v/t51.2885-15/sh0.08/e35/c0.135.1080.1080a/s640x640/109250633_118212079963684_5237198112193073226_n.jpg?_nc_ht=instagram.fmex16-1.fna.fbcdn.net&_nc_cat=104&_nc_ohc=gIHHuVIKIs0AX_9PHL0&oh=4ad767c99a61a4e1cff4635fc5c29623&oe=5FB5EE15","5445580014","bbva_argentina","‚ÄúHemos hecho cosas en com√∫n a pesar de no poder estar juntos. Hemos descubierto vecinos que saben tocar un instrumento y otros que cuentan chistes fant√°sticamente. Hemos vuelto a algo que ya sab√≠amos que era necesario: la convivencia con el otro‚Äù. David Pastor Vico, fil√≥sofo. #AprendemosJuntos üëâ https://bbva.info/DavidPastorVico",323,113,false,1595343996,,"[""#AprendemosJuntos""]","[]",
"2353168192220674207","CCoIgDSD7if","GraphImage",false,1350,1080,"https://instagram.fmex16-1.fna.fbcdn.net/v/t51.2885-15/fr/e15/p1080x1080/109287085_2562531184010544_4645159427766075747_n.jpg?_nc_ht=instagram.fmex16-1.fna.fbcdn.net&_nc_cat=100&_nc_ohc=i8FI6dsPViEAX-kS0ps&oh=c5d709aaaee5f95ebde138906a188beb&oe=5FB4F9BD","https://instagram.fmex16-1.fna.fbcdn.net/v/t51.2885-15/sh0.08/e35/c0.135.1080.1080a/s640x640/109287085_2562531184010544_4645159427766075747_n.jpg?_nc_ht=instagram.fmex16-1.fna.fbcdn.net&_nc_cat=100&_nc_ohc=i8FI6dsPViEAX-kS0ps&oh=4d374b5543a6835a3d00221821971e00&oe=5FB2A7B0","5445580014","bbva_argentina","‚ÄúAbres la Il√≠ada y puedes saber qu√© sent√≠a alguien mil a√±os antes de Cristo en otro mundo, en una lengua desconocida. Son personas muy distintas de ti, pero sienten y sufren exactamente igual que t√∫. Los libros rompen la muralla del espacio y el tiempo‚Äù. Antonio Mu√±oz Molina, escritor. #AprendemosJuntos
üëâ https://bbva.info/AntonioMolina",302,144,false,1594739530,,"[""#AprendemosJuntos""]","[]",
"2352479345895124941","CClr4BJha_N","GraphSidecar",false,1350,1080,"https://instagram.fmex16-1.fna.fbcdn.net/v/t51.2885-15/fr/e15/p1080x1080/108078614_157181985933819_536006347086737594_n.jpg?_nc_ht=instagram.fmex16-1.fna.fbcdn.net&_nc_cat=103&_nc_ohc=D6DwrEH4DJcAX8lNEfU&oh=07fa481e52eb81a8d105b25075d4cef6&oe=5FB5A51A","https://instagram.fmex16-1.fna.fbcdn.net/v/t51.2885-15/sh0.08/e35/c0.135.1080.1080a/s640x640/108078614_157181985933819_536006347086737594_n.jpg?_nc_ht=instagram.fmex16-1.fna.fbcdn.net&_nc_cat=103&_nc_ohc=D6DwrEH4DJcAX8lNEfU&oh=525cc655c48fb98eb990f352a339531c&oe=5FB5BC8C","5445580014","bbva_argentina","Vos tambi√©n pod√©s ser parte de la soluci√≥n. Don√° a #SeamosUno y particip√° por un encuentro √∫nico.
Don√° ac√°: https://www.seamosuno.com.ar/",159,127,false,1594657413,,"[""#SeamosUno""]","[]",
"2383607005006149188","CEURfExhjZE","GraphVideo",true,1350,1080,"https://instagram.fmex16-1.fna.fbcdn.net/v/t51.2885-15/fr/e15/p1080x1080/118180993_296960684933556_6509510006482302484_n.jpg?_nc_ht=instagram.fmex16-1.fna.fbcdn.net&_nc_cat=100&_nc_ohc=B3j3T2k7PpUAX8N_Bp8&oh=9979a4a0d71bef0be4248977c95f0cd0&oe=5F8CBE80","https://instagram.fmex16-1.fna.fbcdn.net/v/t51.2885-15/sh0.08/e35/c0.135.1080.1080a/s640x640/118180993_296960684933556_6509510006482302484_n.jpg?_nc_ht=instagram.fmex16-1.fna.fbcdn.net&_nc_cat=100&_nc_ohc=B3j3T2k7PpUAX8N_Bp8&oh=6a27f824212d2e9660d0cb59622bfd82&oe=5F8CDB4B","5445580014","bbva_argentina","Francisco Mora es un referente internacional en Neuroeducaci√≥n. En su √∫ltimo libro, ‚ÄòNeuroeducaci√≥n y lectura: de la emoci√≥n a la comprensi√≥n de las palabras‚Äô, analiza la relaci√≥n entre el cerebro, la lectura, el lenguaje y las emociones. Y asegura que la lectura es ‚Äúla gran revoluci√≥n‚Äù que ha transformado el mundo, traspasando geograf√≠as, culturas y puentes, ""porque nace de la necesidad humana de comunicarnos los unos con los otros‚Äù. Para √©l, su magia reside en que cada ser humano crea un mundo √∫nico e irrepetible: ‚ÄúLo que ha escrito el escritor tiene un sentido que es renovado y evocado, de manera diferente, universal y √∫nica, por cada lector‚Äù

üëâ https://bbva.info/FranciscoMora 

#AprendemosJuntos",176,54,false,1598368123,,"[""#AprendemosJuntos""]","[]",2087
"2348217316351952319","CCWizU0lEW_","GraphImage",false,1350,1080,"https://instagram.fmex16-1.fna.fbcdn.net/v/t51.2885-15/fr/e15/p1080x1080/106603903_603354710306447_1774918496401842619_n.jpg?_nc_ht=instagram.fmex16-1.fna.fbcdn.net&_nc_cat=111&_nc_ohc=KJgMzrDD9WMAX8aTdP1&oh=50e366083a0bf501977892a2f2209469&oe=5FB34BF5","https://instagram.fmex16-1.fna.fbcdn.net/v/t51.2885-15/sh0.08/e35/c0.135.1080.1080a/s640x640/106603903_603354710306447_1774918496401842619_n.jpg?_nc_ht=instagram.fmex16-1.fna.fbcdn.net&_nc_cat=111&_nc_ohc=KJgMzrDD9WMAX8aTdP1&oh=9d42fbd32792f4a0dc8f0c3b360f3af5&oe=5FB461C2","5445580014","bbva_argentina","‚ÄúLa lectura te aproxima a otros y te llena de palabras. No hay otro modo de apropiarte de palabras nuevas que leyendo. Las palabras no se entienden en abstracto sino en su contexto‚Äù, Eduardo Sacheri, escritor y profesor de Historia.
üëâ https://bbva.info/EduardoSacheri

#AprendemosJuntos",154,206,false,1594149339,,"[""#AprendemosJuntos""]","[]",
"2344418735104049222","CCJDGsWpcBG","GraphSidecar",false,1350,1080,"https://instagram.fmex16-1.fna.fbcdn.net/v/t51.2885-15/fr/e15/p1080x1080/106351290_3681153505234730_3070995240121001973_n.jpg?_nc_ht=instagram.fmex16-1.fna.fbcdn.net&_nc_cat=102&_nc_ohc=m3dUInel3RMAX8JKFP5&oh=b6f9fdb56a8d1045e40eb396199309bc&oe=5FB5B31B","https://instagram.fmex16-1.fna.fbcdn.net/v/t51.2885-15/sh0.08/e35/c0.135.1080.1080a/s640x640/106351290_3681153505234730_3070995240121001973_n.jpg?_nc_ht=instagram.fmex16-1.fna.fbcdn.net&_nc_cat=102&_nc_ohc=m3dUInel3RMAX8JKFP5&oh=3913bca3934e3a6ccb5bc484eeb99d70&oe=5FB3F98A","5445580014","bbva_argentina","¬øTen√©s que renovar tu certificado de supervivencia? Te informamos que se pospuso su vencimiento hasta el 31/08. Enterate m√°s haciendo click en el link de nuestra bio.",244,104,false,1593696513,,"[]","[]",
"2343168870846971638","CCEm6xjlj72","GraphImage",false,1350,1080,"https://instagram.fmex16-1.fna.fbcdn.net/v/t51.2885-15/fr/e15/p1080x1080/105029497_770067847153580_8314829986459233808_n.jpg?_nc_ht=instagram.fmex16-1.fna.fbcdn.net&_nc_cat=108&_nc_ohc=zkTCv4Vs4K0AX_iuIZq&oh=336e6849aece0be09968f4bc33da1fa3&oe=5FB5C490","https://instagram.fmex16-1.fna.fbcdn.net/v/t51.2885-15/sh0.08/e35/c0.135.1080.1080a/s640x640/105029497_770067847153580_8314829986459233808_n.jpg?_nc_ht=instagram.fmex16-1.fna.fbcdn.net&_nc_cat=108&_nc_ohc=zkTCv4Vs4K0AX_iuIZq&oh=a31ff4c56791542d67c846e6529db3db&oe=5FB378BB","5445580014","bbva_argentina","""Me da pena pensar que una de las riquezas de la sociedad espa√±ola es precisamente su ‚Äòpresencialidad‚Äô, esa capacidad y esa riqueza que tenemos de abrazarnos, de tocarnos, de estar muy juntos‚Ä¶ Prescindir de todo eso es un dolor"". La soci√≥loga Mar√≠a √Ångeles Dur√°n sostiene que no solo se trata de un distanciamiento social, teletrabajo y extremar las medidas higi√©nicas: ‚ÄúHay que inventar un modo distinto de estar en el mundo‚Äù. Y reflexiona sobre lo que podr√≠a ser la sociedad del futuro, c√≥mo nos est√° afectando la pandemia y c√≥mo ha cambiado nuestra forma de relacionarnos.
üëâ https://bbva.info/AngelesDuran

#AprendemosJuntos",149,138,false,1593547518,,"[""#AprendemosJuntos""]","[]",
"2337953847282072705","CByFKMYgXyB","GraphImage",false,1350,1080,"https://instagram.fmex16-1.fna.fbcdn.net/v/t51.2885-15/fr/e15/p1080x1080/104430174_1595991623883648_8968973176093079220_n.jpg?_nc_ht=instagram.fmex16-1.fna.fbcdn.net&_nc_cat=100&_nc_ohc=p2pZsxj5TV8AX8GnM5l&oh=6a8db479ec9d29a6f881a44da142fffd&oe=5FB2B09D","https://instagram.fmex16-1.fna.fbcdn.net/v/t51.2885-15/sh0.08/e35/c0.135.1080.1080a/s640x640/104430174_1595991623883648_8968973176093079220_n.jpg?_nc_ht=instagram.fmex16-1.fna.fbcdn.net&_nc_cat=100&_nc_ohc=p2pZsxj5TV8AX8GnM5l&oh=a1f7105dddbae63f2f7c2fffc48412cd&oe=5FB5C290","5445580014","bbva_argentina","Tener salud mental no consiste en sentirse bien siempre, sino en ‚Äúsentir la emoci√≥n adecuada en el momento adecuado y ser capaz de gestionarla‚Äù. Esta situaci√≥n es especialmente dura para los adolescentes, pero la psic√≥loga Lisa Damour ve una oportunidad para el autoconocimiento. #AprendemosJuntos üëâ https://bbva.info/LisaDamour",266,163,false,1592925838,,"[""#AprendemosJuntos""]","[]",
"2333930884519182872","CBjycYWFEIY","GraphSidecar",false,1080,1080,"https://instagram.fmex16-1.fna.fbcdn.net/v/t51.2885-15/fr/e15/s1080x1080/104096339_271893097255031_634453745012253346_n.jpg?_nc_ht=instagram.fmex16-1.fna.fbcdn.net&_nc_cat=111&_nc_ohc=JPlMNCsPb6EAX9J5mCV&oh=3596718e69d8ee5155678771d853bdb7&oe=5FB2DF42","https://instagram.fmex16-1.fna.fbcdn.net/v/t51.2885-15/sh0.08/e35/s640x640/104096339_271893097255031_634453745012253346_n.jpg?_nc_ht=instagram.fmex16-1.fna.fbcdn.net&_nc_cat=111&_nc_ohc=JPlMNCsPb6EAX9J5mCV&_nc_tp=24&oh=36d8acb365156207fbb2734a02e77aa7&oe=5FB54CFC","5445580014","bbva_argentina","Te contamos las novedades del anuncio de LATAM Argentina para los clientes BBVA del programa LATAM Pass: https://bbva.info/NovedadesLATAM",360,1296,false,1592446264,,"[]","[]",
"2333022878201307169","CBgj_JkDGAh","GraphImage",false,1350,1080,"https://instagram.fmex16-1.fna.fbcdn.net/v/t51.2885-15/fr/e15/p1080x1080/104024480_293614235351209_6449065575022583586_n.jpg?_nc_ht=instagram.fmex16-1.fna.fbcdn.net&_nc_cat=101&_nc_ohc=RQboiFMFFKwAX_Hn8-G&oh=7356def7355437220c9300acedf2f0cd&oe=5FB39B5E","https://instagram.fmex16-1.fna.fbcdn.net/v/t51.2885-15/sh0.08/e35/c0.135.1080.1080a/s640x640/104024480_293614235351209_6449065575022583586_n.jpg?_nc_ht=instagram.fmex16-1.fna.fbcdn.net&_nc_cat=101&_nc_ohc=RQboiFMFFKwAX_Hn8-G&oh=a1659a2a8888b68af013bcc8398c01a5&oe=5FB33669","5445580014","bbva_argentina","‚ÄúHa cambiado el escenario y los docentes nos hemos colado en las casas. Cada d√≠a vamos cambiando y adapt√°ndonos. Tendremos que emplear este tiempo incierto para saber por qu√© queremos ser necesarios‚Äù, Carmen Chac√≥n, profesora de Literatura.
üëâ https://bbva.info/CarmenChacon

#AprendemosJuntos",119,93,false,1592338021,,"[""#AprendemosJuntos""]","[]",
"2378725896871642533","CEC7pmlDoWl","GraphVideo",true,937,750,"https://instagram.fmex16-1.fna.fbcdn.net/v/t51.2885-15/e35/117756219_583228649025977_9068733335505363393_n.jpg?_nc_ht=instagram.fmex16-1.fna.fbcdn.net&_nc_cat=105&_nc_ohc=JkkOf07R5DMAX-wKjzl&_nc_tp=18&oh=02371385ec4541376140fb68b464d505&oe=5F8CEE6C","https://instagram.fmex16-1.fna.fbcdn.net/v/t51.2885-15/sh0.08/e35/c0.90.720.720a/s640x640/117756219_583228649025977_9068733335505363393_n.jpg?_nc_ht=instagram.fmex16-1.fna.fbcdn.net&_nc_cat=105&_nc_ohc=JkkOf07R5DMAX-wKjzl&oh=6dedc1f24d90a08f6c4d7deb15eb3d71&oe=5F8CB307","5445580014","bbva_argentina","Es hora de pegar un cambio de look. Conoc√© todos los descuentos en indumentaria de Go de BBVA.",54,84,false,1597786268,,"[]","[]",1813
"2327913830423623385","CBOaUuCHnbZ","GraphImage",false,1350,1080,"https://instagram.fmex16-1.fna.fbcdn.net/v/t51.2885-15/fr/e15/p1080x1080/103333267_753146088764318_2859089865152185073_n.jpg?_nc_ht=instagram.fmex16-1.fna.fbcdn.net&_nc_cat=102&_nc_ohc=VgxDOEbMUT4AX-BAYaV&oh=487391df8f90addd311ad84fb9974ed2&oe=5FB2C250","https://instagram.fmex16-1.fna.fbcdn.net/v/t51.2885-15/sh0.08/e35/c0.135.1080.1080a/s640x640/103333267_753146088764318_2859089865152185073_n.jpg?_nc_ht=instagram.fmex16-1.fna.fbcdn.net&_nc_cat=102&_nc_ohc=VgxDOEbMUT4AX-BAYaV&oh=60706b210af10a025ebfd8ad966e27c5&oe=5FB481FB","5445580014","bbva_argentina","Carlos P√°ez protagoniz√≥ una incre√≠ble historia de supervivencia cuando el avi√≥n en el que viajaba se estrell√≥ en la cordillera de Los Andes en 1972. ‚ÄúTuvimos que tomar decisiones dur√≠simas para sobrevivir. Fue un trabajo monumental de trabajo en equipo‚Äù.
üëâ https://bbva.info/CarlosPaez

#AprendemosJuntos",168,280,false,1591728975,,"[""#AprendemosJuntos""]","[]",
"2322691529977089222","CA726PvF8zG","GraphImage",false,1080,1080,"https://instagram.fmex16-1.fna.fbcdn.net/v/t51.2885-15/fr/e15/s1080x1080/101701367_709669546502859_7598526219514305807_n.jpg?_nc_ht=instagram.fmex16-1.fna.fbcdn.net&_nc_cat=103&_nc_ohc=0Zi5kB7Fw_QAX8ncdou&oh=781b61283fbc3321c8a028486a62518d&oe=5FB32564","https://instagram.fmex16-1.fna.fbcdn.net/v/t51.2885-15/sh0.08/e35/s640x640/101701367_709669546502859_7598526219514305807_n.jpg?_nc_ht=instagram.fmex16-1.fna.fbcdn.net&_nc_cat=103&_nc_ohc=0Zi5kB7Fw_QAX8ncdou&_nc_tp=24&oh=ace5e93124995b93ff8fad76f26dce26&oe=5FB240AB","5445580014","bbva_argentina","¬øC√≥mo podemos ser felices en un momento tan complicado? La psic√≥loga Sonja Lyubomirsky insiste en la importancia de no aislarnos, por ejemplo, cambiando reuniones en la calle por videoconferencias. ‚ÄúSolo tener m√°s interacciones sociales nos hace m√°s felices‚Äù.
üëâ https://bbva.info/SonjaLyubomirsky

#AprendemosJuntos",264,78,false,1591106428,,"[""#AprendemosJuntos""]","[]",
"2317647797836575836","CAp8GSIg_Rc","GraphImage",false,1080,1080,"https://instagram.fmex16-1.fna.fbcdn.net/v/t51.2885-15/fr/e15/s1080x1080/100994797_677046322860840_5751485716756738119_n.jpg?_nc_ht=instagram.fmex16-1.fna.fbcdn.net&_nc_cat=100&_nc_ohc=JgRrEA5jJY0AX9zxnLs&oh=ba5243d1cfb5e8e3015f916f6338085f&oe=5FB60764","https://instagram.fmex16-1.fna.fbcdn.net/v/t51.2885-15/sh0.08/e35/s640x640/100994797_677046322860840_5751485716756738119_n.jpg?_nc_ht=instagram.fmex16-1.fna.fbcdn.net&_nc_cat=100&_nc_ohc=JgRrEA5jJY0AX9zxnLs&_nc_tp=24&oh=badadbad325a36332c10a27a17052800&oe=5FB4182B","5445580014","bbva_argentina","Estos d√≠as, muchos padres comparten un sentimiento predominante: la culpa. Por no hacer suficientes actividades con los ni√±os, o no aprovechar para terminar proyectos o leer. ‚ÄúEsta no es una situaci√≥n normal, no son vacaciones. Sed pacientes con vosotros mismos‚Äù, √Ålvaro Bilbao
üëâ https://bbva.info/AlvaroBilbao

#AprendemosJuntos",313,73,false,1590505169,,"[""#AprendemosJuntos""]","[]",
"2312544625103171030","CAXzxWKg23W","GraphImage",false,1080,1080,"https://instagram.fmex16-1.fna.fbcdn.net/v/t51.2885-15/fr/e15/s1080x1080/97917092_698136267605555_3736099089661592238_n.jpg?_nc_ht=instagram.fmex16-1.fna.fbcdn.net&_nc_cat=111&_nc_ohc=Z1wD6ZDvuYUAX9XUNw7&oh=2f377f3a79912c18ba166ab1a9c2850e&oe=5FB50381","https://instagram.fmex16-1.fna.fbcdn.net/v/t51.2885-15/sh0.08/e35/s640x640/97917092_698136267605555_3736099089661592238_n.jpg?_nc_ht=instagram.fmex16-1.fna.fbcdn.net&_nc_cat=111&_nc_ohc=Z1wD6ZDvuYUAX9XUNw7&_nc_tp=24&oh=1cae7d6dde48f98ae2be242baa950a4a&oe=5FB44ABB","5445580014","bbva_argentina","Albert Espinosa, desde el rinc√≥n favorito de su casa, cuenta que se est√° tomando estos d√≠as como un ‚Äòintermezzo‚Äô, un tiempo en el que ‚Äúest√°s fuera del mundo, te est√°s mejorando. Los que mueven el mundo son los que paran‚Äù. #AprendemosJuntos
üëâ https://bbva.info/AlbertEspinosa",311,68,false,1589896823,,"[""#AprendemosJuntos""]","[]",
"2307471600340189163","CAFyTHrlD_r","GraphImage",false,1080,1080,"https://instagram.fmex16-1.fna.fbcdn.net/v/t51.2885-15/fr/e15/s1080x1080/97273363_128430625500452_8015468876970481979_n.jpg?_nc_ht=instagram.fmex16-1.fna.fbcdn.net&_nc_cat=108&_nc_ohc=Eu6hR4N5aiEAX894OkT&oh=b92f68923fda4ce9c793042b13a15b26&oe=5FB5B624","https://instagram.fmex16-1.fna.fbcdn.net/v/t51.2885-15/sh0.08/e35/s640x640/97273363_128430625500452_8015468876970481979_n.jpg?_nc_ht=instagram.fmex16-1.fna.fbcdn.net&_nc_cat=108&_nc_ohc=Eu6hR4N5aiEAX894OkT&_nc_tp=24&oh=befb54e0970e63928bded6583f72b5db&oe=5FB5C19A","5445580014","bbva_argentina","Para Noam Chomsky, uno de los pensadores m√°s influyentes de nuestro tiempo, ""es momento de ense√±ar a los ni√±os a entender el mundo‚Äù. Y se pregunta: ‚Äú¬øQueremos tratarles como recipientes en los que echamos agua y sale algo? ¬øO queremos un sistema educativo que fomente la creatividad, la participaci√≥n y la cooperaci√≥n?‚Äù
üëâ https://bbva.info/NoamChosmky

#AprendemosJuntos",270,127,false,1589292071,,"[""#AprendemosJuntos""]","[]",
"2367885806263244187","CDca5hfApWb","GraphVideo",true,1350,1080,"https://instagram.fmex16-1.fna.fbcdn.net/v/t51.2885-15/fr/e15/p1080x1080/116113141_603724106950260_2744460056601647040_n.jpg?_nc_ht=instagram.fmex16-1.fna.fbcdn.net&_nc_cat=100&_nc_ohc=5k67YdpLohoAX85iwkr&oh=cb77925bd70f2dd1699212ca0d631360&oe=5F8CE95E","https://instagram.fmex16-1.fna.fbcdn.net/v/t51.2885-15/sh0.08/e35/c0.135.1080.1080a/s640x640/116113141_603724106950260_2744460056601647040_n.jpg?_nc_ht=instagram.fmex16-1.fna.fbcdn.net&_nc_cat=100&_nc_ohc=5k67YdpLohoAX85iwkr&oh=817a99d53db2d3e2a275b60e919f2895&oe=5F8D03A9","5445580014","bbva_argentina","Si la cocina no es lo tuyo, en Go ten√©s beneficios en gastronom√≠a.",152,109,false,1596494013,,"[]","[]",2410
"2304835874934561570","B_8bARHDRsi","GraphSidecar",false,1080,1080,"https://instagram.fmex16-1.fna.fbcdn.net/v/t51.2885-15/e35/96671977_997815137281899_5121860077991038071_n.jpg?_nc_ht=instagram.fmex16-1.fna.fbcdn.net&_nc_cat=103&_nc_ohc=9j0PM45cQaEAX8K6EnM&_nc_tp=18&oh=b0960b885502b563ea388d6fe1895406&oe=5FB37FDC","https://instagram.fmex16-1.fna.fbcdn.net/v/t51.2885-15/sh0.08/e35/s640x640/96671977_997815137281899_5121860077991038071_n.jpg?_nc_ht=instagram.fmex16-1.fna.fbcdn.net&_nc_cat=103&_nc_ohc=9j0PM45cQaEAX8K6EnM&_nc_tp=24&oh=2443144d50a93dcb33f1aac4be195f1d&oe=5FB50D3F","5445580014","bbva_argentina","Te contamos sobre las medidas que dispuso el Gobierno Nacional sobre el programa de Cr√©ditos a Tasa Cero.",406,513,false,1588977868,,"[]","[]",
"2302405596034450561","B_zybDggUSB","GraphImage",false,1080,1080,"https://instagram.fmex16-1.fna.fbcdn.net/v/t51.2885-15/fr/e15/s1080x1080/95987940_227949194970930_4984868001012526149_n.jpg?_nc_ht=instagram.fmex16-1.fna.fbcdn.net&_nc_cat=106&_nc_ohc=-CkvNeaHIPgAX-FfhSs&oh=ca428bb9005eb5c25c20b0005a992387&oe=5FB4EB56","https://instagram.fmex16-1.fna.fbcdn.net/v/t51.2885-15/sh0.08/e35/s640x640/95987940_227949194970930_4984868001012526149_n.jpg?_nc_ht=instagram.fmex16-1.fna.fbcdn.net&_nc_cat=106&_nc_ohc=-CkvNeaHIPgAX-FfhSs&_nc_tp=24&oh=079b0a8bddf918030c0fec5e94e2828c&oe=5FB405F0","5445580014","bbva_argentina","Ya a principios de marzo, la psic√≥loga italiana Francesca Morelli se√±alaba la dimensi√≥n global del problema y reparaba en los aprendizajes sociales que podemos sacar de √©l. ‚ÄúEl universo tiene su manera de devolver el equilibro a las cosas seg√∫n sus propias leyes; el tiempo que estamos viviendo, lleno de anomal√≠as y paradojas, da que pensar‚Äù. Morelli se gradu√≥ en Psicolog√≠a Cl√≠nica y Comunitaria en la Universidad La Sapienza y se doctor√≥ en Neuropsicoendocrinolog√≠a por la Universidad Tor Vergata, en Roma.
Para ella, en esta √©poca de incertidumbre y cambio social, surgen espacios para observarnos lentamente desde la distancia, y para ser m√°s conscientes del momento por el que estamos pasando. ‚ÄúEl virus nos env√≠a un mensaje claro: la √∫nica forma de salir de esta es la reciprocidad, el sentido de pertenencia, sentir que se forma parte de algo m√°s grande que hay que cuidar y que puede cuidar de nosotros‚Äù, defiende. #Humanismo #Empat√≠a #AprendemosJuntos
üëâ https://bbva.info/FrancescaMorelli",307,116,false,1588688157,,"[""#Humanismo"",""#Empat"",""#AprendemosJuntos""]","[]",
"2297324780032642490","B_hvLc3jE26","GraphImage",false,1080,1080,"https://instagram.fmex16-1.fna.fbcdn.net/v/t51.2885-15/fr/e15/s1080x1080/95261542_227020455254852_5452113953509754671_n.jpg?_nc_ht=instagram.fmex16-1.fna.fbcdn.net&_nc_cat=108&_nc_ohc=1ztPDYiKpK8AX_dFMyL&oh=be843b1f16f29fab37398d1e6c097c13&oe=5FB5735D","https://instagram.fmex16-1.fna.fbcdn.net/v/t51.2885-15/sh0.08/e35/s640x640/95261542_227020455254852_5452113953509754671_n.jpg?_nc_ht=instagram.fmex16-1.fna.fbcdn.net&_nc_cat=108&_nc_ohc=1ztPDYiKpK8AX_dFMyL&_nc_tp=24&oh=8152b6ebcabffe2ba69aeae80376feb2&oe=5FB36A67","5445580014","bbva_argentina","‚ÄúLa ansiedad es una reacci√≥n normal, una especie de alarma que se enciende en nuestro organismo ante una situaci√≥n de peligro o amenaza‚Äù. El confinamiento pone a prueba la salud mental.
Estas son las recomendaciones del neurocient√≠fico Facundo Manes (@manesfacundo ) para cuidar nuestro cerebro. #AprendemosJuntos #YoMeQuedoEnCasa
üëâ https://bbva.info/FacundoManes",342,210,false,1588082476,,"[""#AprendemosJuntos"",""#YoMeQuedoEnCasa""]","[""@manesfacundo""]",
"2382817984811328843","CEReFUdF2VL","GraphVideo",true,1350,1080,"https://instagram.fmex16-1.fna.fbcdn.net/v/t51.2885-15/fr/e15/p1080x1080/118043576_656175601978033_1882973275987614962_n.jpg?_nc_ht=instagram.fmex16-1.fna.fbcdn.net&_nc_cat=101&_nc_ohc=RN3lSK_yv2AAX8npu5f&oh=775c798724a998626ebb166d582aa9c3&oe=5F8CEA64","https://instagram.fmex16-1.fna.fbcdn.net/v/t51.2885-15/sh0.08/e35/c0.135.1080.1080a/s640x640/118043576_656175601978033_1882973275987614962_n.jpg?_nc_ht=instagram.fmex16-1.fna.fbcdn.net&_nc_cat=101&_nc_ohc=RN3lSK_yv2AAX8npu5f&oh=ef96de3f4dddf6dff17189b62b40a15d&oe=5F8CB197","5445580014","bbva_argentina","Date el gusto con Go de BBVA y aprovech√° descuentos en gastronom√≠a.",106,67,false,1598274066,,"[]","[]",1756
"2292251371171519820","B_PtnoqlJ1M","GraphImage",false,1080,1080,"https://instagram.fmex16-1.fna.fbcdn.net/v/t51.2885-15/fr/e15/s1080x1080/94419487_279666299870045_8217579069052898921_n.jpg?_nc_ht=instagram.fmex16-1.fna.fbcdn.net&_nc_cat=105&_nc_ohc=_pm5pKkrYMgAX-SIP6X&oh=8bf6d0739a0dfc94a154e6683dd5d410&oe=5FB4596F","https://instagram.fmex16-1.fna.fbcdn.net/v/t51.2885-15/sh0.08/e35/s640x640/94419487_279666299870045_8217579069052898921_n.jpg?_nc_ht=instagram.fmex16-1.fna.fbcdn.net&_nc_cat=105&_nc_ohc=_pm5pKkrYMgAX-SIP6X&_nc_tp=24&oh=8e4fdebb13eae24270d8db7b21a92512&oe=5FB54855","5445580014","bbva_argentina","La convivencia es clave en este momento que nos ha tocado vivir como sociedad. Quedarse en casa puede ser un reto f√≠sico y emocional, sobre todo para quienes conviven con los m√°s peque√±os. La maestra y pedagoga N√©lida Zaitegui lleva m√°s de cuatro d√©cadas investigando y desarrollando programas de innovaci√≥n educativa, basados en la convivencia positiva y la resoluci√≥n de conflictos. ‚Äú¬øC√≥mo aprende un ni√±o a convivir? Conviviendo‚Äù. üëâ https://bbva.info/NelidaZaitegui
.#YoMeQuedoEnCasa #AprendemosJuntos",226,98,false,1587477679,,"[""#YoMeQuedoEnCasa"",""#AprendemosJuntos""]","[]",
"2290085335428576349","B_IBHqrjTRd","GraphSidecar",false,1080,1080,"https://instagram.fmex16-1.fna.fbcdn.net/v/t51.2885-15/e35/93466080_268442527520844_547412430910202462_n.jpg?_nc_ht=instagram.fmex16-1.fna.fbcdn.net&_nc_cat=100&_nc_ohc=I6XkdeAEx1IAX--Ktfe&_nc_tp=18&oh=a4497a9e6817d30d1ded6b9dbab3fedb&oe=5FB3A5C2","https://instagram.fmex16-1.fna.fbcdn.net/v/t51.2885-15/sh0.08/e35/s640x640/93466080_268442527520844_547412430910202462_n.jpg?_nc_ht=instagram.fmex16-1.fna.fbcdn.net&_nc_cat=100&_nc_ohc=I6XkdeAEx1IAX--Ktfe&_nc_tp=24&oh=d275a3461fecb807d70d15b1d8f8bfce&oe=5FB2A4B3","5445580014","bbva_argentina","‚ö†Ô∏èInformaci√≥n importante sobre la atenci√≥n en sucursales. M√°s info en bbva.info/YoMeQuedoEnCasa",367,477,false,1587219467,,"[]","[]",
"2288103858633562531","B_A-lYnDdmj","GraphSidecar",false,1080,1080,"https://instagram.fmex16-1.fna.fbcdn.net/v/t51.2885-15/e35/93230332_1352543675134448_4238467120125543954_n.jpg?_nc_ht=instagram.fmex16-1.fna.fbcdn.net&_nc_cat=108&_nc_ohc=lMliBPA0qXoAX_67GtI&_nc_tp=18&oh=859640f9d2cd9c6d137956e773a56bee&oe=5FB5EDE1","https://instagram.fmex16-1.fna.fbcdn.net/v/t51.2885-15/sh0.08/e35/s640x640/93230332_1352543675134448_4238467120125543954_n.jpg?_nc_ht=instagram.fmex16-1.fna.fbcdn.net&_nc_cat=108&_nc_ohc=lMliBPA0qXoAX_67GtI&_nc_tp=24&oh=f437494f22acb2dfa482e61e98635249&oe=5FB52A5B","5445580014","bbva_argentina","Te acercamos info importante sobre el pago de tus Tarjetas de Cr√©dito. M√°s info en bbva.info/YoMeQuedoEnCasa",360,366,false,1586983257,,"[]","[]",
"2287177316152364646","B-9r6arl85m","GraphImage",false,1080,1080,"https://instagram.fmex16-1.fna.fbcdn.net/v/t51.2885-15/fr/e15/s1080x1080/93612872_128094848799377_4099998372967301243_n.jpg?_nc_ht=instagram.fmex16-1.fna.fbcdn.net&_nc_cat=105&_nc_ohc=XaAvOSars_wAX-1cY8z&oh=a41390136900dbdd95d123e5d2fe017a&oe=5FB31722","https://instagram.fmex16-1.fna.fbcdn.net/v/t51.2885-15/sh0.08/e35/s640x640/93612872_128094848799377_4099998372967301243_n.jpg?_nc_ht=instagram.fmex16-1.fna.fbcdn.net&_nc_cat=105&_nc_ohc=XaAvOSars_wAX-1cY8z&_nc_tp=24&oh=c5a0de9ab3ed154d88bd37af2c53c149&oe=5FB57D9C","5445580014","bbva_argentina","‚ÄúAhora tenemos la posibilidad de estar con los nuestros‚Äù. Para Jos√© Antonio Luengo, psic√≥logo y profesor, ‚Äúel encierro nos muestra el vertiginoso ritmo que llev√°bamos: un ritmo que ha ninguneado el afecto y ha potenciado un individualismo feroz‚Äù. El psic√≥logo y profesor recomienda estos d√≠as de confinamiento ‚Äúaprovechar la posibilidad de hacer lo que nunca nos daba tiempo a hacer
üëâ https://bbva.info/AntonioLuengo2

#Psicolog√≠a #AprendemosJuntos",150,88,false,1586872804,,"[""#Psicolog"",""#AprendemosJuntos""]","[]",
"2284310612220326919","B-zgGYmDDQH","GraphSidecar",false,1080,1080,"https://instagram.fmex16-1.fna.fbcdn.net/v/t51.2885-15/e35/92355439_135637444684325_6840205314926451664_n.jpg?_nc_ht=instagram.fmex16-1.fna.fbcdn.net&_nc_cat=105&_nc_ohc=k7IHePi63EUAX-AHhSH&_nc_tp=18&oh=8f71c33e0699112c7e5c9565facafc67&oe=5FB40281","https://instagram.fmex16-1.fna.fbcdn.net/v/t51.2885-15/sh0.08/e35/s640x640/92355439_135637444684325_6840205314926451664_n.jpg?_nc_ht=instagram.fmex16-1.fna.fbcdn.net&_nc_cat=105&_nc_ohc=k7IHePi63EUAX-AHhSH&_nc_tp=24&oh=8db55de64809065f73bfe9e92dc57aba&oe=5FB54FE6","5445580014","bbva_argentina","‚ö†Ô∏è Para cuidarte y organizar mejor la concurrencia a las sucursales. #YoMeQuedoEnCasa",526,466,false,1586531066,,"[""#YoMeQuedoEnCasa""]","[]",
"2330114153048247319","CBWOnoKjQwX","GraphVideo",true,1350,1080,"https://instagram.fmex16-1.fna.fbcdn.net/v/t51.2885-15/fr/e15/p1080x1080/104221792_1124041547961790_1205587756370708716_n.jpg?_nc_ht=instagram.fmex16-1.fna.fbcdn.net&_nc_cat=110&_nc_ohc=oCvA6E110dUAX9QjEfk&oh=0ee59a49ac7b0f9f30dfacf66452df27&oe=5F8CCAC6","https://instagram.fmex16-1.fna.fbcdn.net/v/t51.2885-15/sh0.08/e35/c0.135.1080.1080a/s640x640/104221792_1124041547961790_1205587756370708716_n.jpg?_nc_ht=instagram.fmex16-1.fna.fbcdn.net&_nc_cat=110&_nc_ohc=oCvA6E110dUAX9QjEfk&oh=964ab6028acc97d63b351ccacac78e59&oe=5F8CCF57","5445580014","bbva_argentina","eCheq BBVA. La forma m√°s c√≥moda y segura de emitir y endosar cheques 100% digital üíª. Toda la info en https://bbva.info/eCheq",106,84,false,1591991280,,"[]","[]",2746
"2293126754249800905","B_S0qIsAPzJ","GraphVideo",true,1350,1080,"https://instagram.fmex16-1.fna.fbcdn.net/v/t51.2885-15/fr/e15/p1080x1080/93873662_2984121098311981_5779850232561904642_n.jpg?_nc_ht=instagram.fmex16-1.fna.fbcdn.net&_nc_cat=101&_nc_ohc=28nI4lLnTF8AX9KPZTz&oh=9726eb94a3bb9b0bb05529ba235d194b&oe=5F8C97CD","https://instagram.fmex16-1.fna.fbcdn.net/v/t51.2885-15/sh0.08/e35/c0.135.1080.1080a/s640x640/93873662_2984121098311981_5779850232561904642_n.jpg?_nc_ht=instagram.fmex16-1.fna.fbcdn.net&_nc_cat=101&_nc_ohc=28nI4lLnTF8AX9KPZTz&oh=8bfeeed0a8d406bf3a3e6c5911f4482e&oe=5F8D2ABA","5445580014","bbva_argentina","Cash Express te permite generar una orden de extracci√≥n de forma online, para que vos o quien necesit√©s retire efectivo del cajero sin usar la tarjeta.",267,118,false,1587582037,,"[]","[]",4771
"2349029692578924823","CCZbg9JAwkX","GraphVideo",true,1350,1080,"https://instagram.fmex16-1.fna.fbcdn.net/v/t51.2885-15/fr/e15/p1080x1080/106601613_189754452514741_8533890610272869638_n.jpg?_nc_ht=instagram.fmex16-1.fna.fbcdn.net&_nc_cat=101&_nc_ohc=GM3KRFpoG0gAX-WNp_5&oh=4fc7a286946695d38060afd9fe542871&oe=5F8D0ABD","https://instagram.fmex16-1.fna.fbcdn.net/v/t51.2885-15/sh0.08/e35/c0.135.1080.1080a/s640x640/106601613_189754452514741_8533890610272869638_n.jpg?_nc_ht=instagram.fmex16-1.fna.fbcdn.net&_nc_cat=101&_nc_ohc=GM3KRFpoG0gAX-WNp_5&oh=16432b7fd456eddc1db160f2a21381be&oe=5F8CEE8A","5445580014","bbva_argentina","Si cobr√°s por Anses, tra√© tu jubilaci√≥n a BBVA y te recibimos con estos beneficios exclusivos hasta el 30 de septiembre. Conoc√© m√°s en www.bbva.com.ar/jubilados",142,81,false,1594246189,,"[]","[]",2704
"2282135179911516964","B-rxdrYDFMk","GraphVideo",true,750,750,"https://instagram.fmex16-1.fna.fbcdn.net/v/t51.2885-15/e35/92802586_123254062643297_2651194814594125369_n.jpg?_nc_ht=instagram.fmex16-1.fna.fbcdn.net&_nc_cat=105&_nc_ohc=dZGK44Gp_TkAX_HXqPs&_nc_tp=18&oh=21f5886f1626191bd695ac447f7d5092&oe=5F8CC836","https://instagram.fmex16-1.fna.fbcdn.net/v/t51.2885-15/sh0.08/e35/s640x640/92802586_123254062643297_2651194814594125369_n.jpg?_nc_ht=instagram.fmex16-1.fna.fbcdn.net&_nc_cat=105&_nc_ohc=dZGK44Gp_TkAX_HXqPs&_nc_tp=24&oh=ab31acf2e39bc3102b2f97710ed09f08&oe=5F8CBED1","5445580014","bbva_argentina","‚ö†Ô∏è Te acercamos las √∫ltimas novedades sobre la atenci√≥n en nuestras sucursales. Para conocer m√°s detalles sobre c√≥mo operar digitalmente ingres√° a https://bbva.info/OperaDesdeCasa #YoMeQuedoEnCasa #BBVASucursales",346,131,false,1586271858,,"[""#YoMeQuedoEnCasa"",""#BBVASucursales""]","[]",4672
"2307021016956421166","CAEL2RNDEQu","GraphVideo",true,750,750,"https://instagram.fmex16-1.fna.fbcdn.net/v/t51.2885-15/e35/97086781_282467349450099_7288357264756601666_n.jpg?_nc_ht=instagram.fmex16-1.fna.fbcdn.net&_nc_cat=103&_nc_ohc=weRsOjuQyV0AX-uH8CH&_nc_tp=18&oh=a62089a9d30cc9962346c81c6367b9be&oe=5F8CB209","https://instagram.fmex16-1.fna.fbcdn.net/v/t51.2885-15/sh0.08/e35/s640x640/97086781_282467349450099_7288357264756601666_n.jpg?_nc_ht=instagram.fmex16-1.fna.fbcdn.net&_nc_cat=103&_nc_ohc=weRsOjuQyV0AX-uH8CH&_nc_tp=24&oh=8fb168d6ccc4145678e842a0a9e40967&oe=5F8CA96E","5445580014","bbva_argentina","Todos podemos ser parte de la soluci√≥n. A trav√©s de nuestra banca online pod√©s donar $ 1.000, equivalente a una caja con alimentos y material de higiene. Conoc√© m√°s sobre #SeamosUno en seamosuno.com.ar #EsteVirusLoParamosUnidos",170,129,false,1589238379,,"[""#SeamosUno"",""#EsteVirusLoParamosUnidos""]","[]",4196