"id","shortcode","type","is_video","dimension.height","dimension.width","display_url","thumbnail_src","owner.id","owner.username","description","comments","likes","comments_disabled","taken_at_timestamp","location","hashtags","mentions","views","location.id","location.has_public_page","location.name","location.slug"
"2421504519680313931","CGa6YftjEpL","GraphSidecar",false,1080,1080,"https://instagram.fmex16-1.fna.fbcdn.net/v/t51.2885-15/e35/s1080x1080/121653941_196391425199420_7421392365021336470_n.jpg?_nc_ht=instagram.fmex16-1.fna.fbcdn.net&_nc_cat=108&_nc_ohc=YcIXmo_HQRUAX9vSpLv&_nc_tp=15&oh=eeb9df9fcff24f88f2394be0057f56a7&oe=5FB45101","https://instagram.fmex16-1.fna.fbcdn.net/v/t51.2885-15/sh0.08/e35/s640x640/121653941_196391425199420_7421392365021336470_n.jpg?_nc_ht=instagram.fmex16-1.fna.fbcdn.net&_nc_cat=108&_nc_ohc=YcIXmo_HQRUAX9vSpLv&_nc_tp=24&oh=5e185241df07717d52eaa1c520355952&oe=5FB262C5","336339103","bbva_mex","¬øSab√≠as que la #TorreBBVA cuenta con tres terrazas desde las cuales puedes ver toda la ciudad? Adem√°s, se caracteriza por sus coloridas escaleras. Da doble TAP si has tenido la oportunidad de poder apreciar la #CDMX desde una de ellas.",40,890,false,1602885855,,"[""#TorreBBVA"",""#CDMX""]","[]",,,,,
"2420053243746800524","CGVwZprD1OM","GraphImage",false,720,1080,"https://instagram.fmex16-1.fna.fbcdn.net/v/t51.2885-15/e35/s1080x1080/121048876_338844427216179_6545110002986716865_n.jpg?_nc_ht=instagram.fmex16-1.fna.fbcdn.net&_nc_cat=103&_nc_ohc=9p_actMh108AX8xONbw&_nc_tp=15&oh=7e834ef80f0c777bbb2817ebaf3e08bb&oe=5FB38999","https://instagram.fmex16-1.fna.fbcdn.net/v/t51.2885-15/sh0.08/e35/c240.0.960.960a/s640x640/121048876_338844427216179_6545110002986716865_n.jpg?_nc_ht=instagram.fmex16-1.fna.fbcdn.net&_nc_cat=103&_nc_ohc=9p_actMh108AX8xONbw&oh=86b443840c17f8cd5776a7c28e61044b&oe=5FB39D39","336339103","bbva_mex","Llegar a nuestro objetivo requiere que seamos constantes y pacientes para hacer bien las cosas. Comenta con una ‚≠ê  si tienes una meta por la que has trabajado mucho. 
#BBVAM√©xico #CreandoOportunidades #Metas",7,195,false,1602712849,,"[""#BBVAM"",""#CreandoOportunidades"",""#Metas""]","[]",,,,,
"2415614438164888545","CGF_Ih1H3vh","GraphImage",false,1350,1080,"https://instagram.fmex16-1.fna.fbcdn.net/v/t51.2885-15/e35/p1080x1080/121040677_180004450341852_1032924312218558140_n.jpg?_nc_ht=instagram.fmex16-1.fna.fbcdn.net&_nc_cat=100&_nc_ohc=WwDusoCxlisAX-6Bs5a&tp=19&oh=2ffeab15196e6da2d927cc0d0b7a473a&oe=5FB5123B","https://instagram.fmex16-1.fna.fbcdn.net/v/t51.2885-15/sh0.08/e35/c0.169.1349.1349a/s640x640/121040677_180004450341852_1032924312218558140_n.jpg?_nc_ht=instagram.fmex16-1.fna.fbcdn.net&_nc_cat=100&_nc_ohc=WwDusoCxlisAX-6Bs5a&oh=b5a8fb222a9d48c06a7c7490ba44e3e2&oe=5FB3710F","336339103","bbva_mex","No importa si los diÃÅas son grises o soleados, etiqueta a la persona con la que quieres caminar sobre Avenida Paseo de la Reforma y contemplar la increiÃÅble arquitectura de la #TorreBBVA. Gracias a @vrtypics por esta postal.
#BBVAMeÃÅxico #CDMX #DiÃÅas #Nublado",41,1178,false,1602183702,,"[""#TorreBBVA"",""#BBVAMe"",""#CDMX"",""#Di"",""#Nublado""]","[""@vrtypics""]",,,,,
"2414299946008063669","CGBUQJnDi61","GraphSidecar",false,1080,1080,"https://instagram.fmex16-1.fna.fbcdn.net/v/t51.2885-15/e35/s1080x1080/120844261_2647007728947184_9169571302345004953_n.jpg?_nc_ht=instagram.fmex16-1.fna.fbcdn.net&_nc_cat=104&_nc_ohc=bWHns5CH4p4AX9ZLfWT&_nc_tp=15&oh=44c30cadf1f0f5eaeda7d0a990c4aafa&oe=5FB4A102","https://instagram.fmex16-1.fna.fbcdn.net/v/t51.2885-15/sh0.08/e35/s640x640/120844261_2647007728947184_9169571302345004953_n.jpg?_nc_ht=instagram.fmex16-1.fna.fbcdn.net&_nc_cat=104&_nc_ohc=bWHns5CH4p4AX9ZLfWT&_nc_tp=24&oh=698e004b360379603746924de692dff4&oe=5FB32CE9","336339103","bbva_mex","¬°No te lo puedes perder! Este 12 y 13 de octubre tendremos el live de ‚ÄúTierras Raras‚Äù, en la cuenta de Facebook del @museocarrillogil. En este espacio expertos nos invitar√°n a reflexionar sobre el lenguaje, el territorio y las nuevas tecnolog√≠as. 
#BBVAM√©xico #CreandoOportunidades #ProgramaBBVAMACG",2,221,false,1602027003,,"[""#BBVAM"",""#CreandoOportunidades"",""#ProgramaBBVAMACG""]","[""@museocarrillogil""]",,,,,
"2412110781959062359","CF5ifntj0NX","GraphImage",false,575,1080,"https://instagram.fmex16-1.fna.fbcdn.net/v/t51.2885-15/e35/s1080x1080/120231702_2781233592153561_6652151505765554113_n.jpg?_nc_ht=instagram.fmex16-1.fna.fbcdn.net&_nc_cat=109&_nc_ohc=Jlqkq7-WqhcAX9RWAnb&_nc_tp=15&oh=a62ad376d124a874e0c03e890a45411d&oe=5FB4F2B6","https://instagram.fmex16-1.fna.fbcdn.net/v/t51.2885-15/sh0.08/e35/c336.0.767.767a/s640x640/120231702_2781233592153561_6652151505765554113_n.jpg?_nc_ht=instagram.fmex16-1.fna.fbcdn.net&_nc_cat=109&_nc_ohc=Jlqkq7-WqhcAX9RWAnb&oh=765af4a557c80ed013a88ad634a9352b&oe=5FB3CB1D","336339103","bbva_mex","Iniciamos un nuevo mes, cu√©ntanos, ¬øcu√°l ha sido el reto m√°s grande al que te has enfrentado este a√±o?
#CreandoOportunidades #CDMX #M√©xico",35,751,false,1601766034,,"[""#CreandoOportunidades"",""#CDMX"",""#M""]","[]",,,,,
"2410661237073332623","CF0Y591j0mP","GraphSidecar",false,1344,1080,"https://instagram.fmex16-1.fna.fbcdn.net/v/t51.2885-15/e35/p1080x1080/120456472_1145937625802620_3099080547291603703_n.jpg?_nc_ht=instagram.fmex16-1.fna.fbcdn.net&_nc_cat=104&_nc_ohc=7YiBjbWilA0AX9WQ-ed&tp=19&oh=85cc8868b441b91a74c41a1788888096&oe=5FB39A80","https://instagram.fmex16-1.fna.fbcdn.net/v/t51.2885-15/sh0.08/e35/c0.176.1440.1440a/s640x640/120456472_1145937625802620_3099080547291603703_n.jpg?_nc_ht=instagram.fmex16-1.fna.fbcdn.net&_nc_cat=104&_nc_ohc=7YiBjbWilA0AX9WQ-ed&oh=aaa2dfb0a69486ee27bc8f458264edf1&oe=5FB2F660","336339103","bbva_mex","No cabe duda que un buen spot y una buena toma pueden formar cosas incre√≠bles, ellos ya nos compartieron su mejor foto con la #TorreBBVA. ¬øQu√© esperas? Estamos seguros que tienes una foto incre√≠ble. 
üì∏: @daniel.crz
üì∏: @jossuee.bc",20,2037,false,1601593235,,"[""#TorreBBVA""]","[""@daniel"",""@jossuee""]",,,,,
"2409816072653668485","CFxYvNIjICF","GraphImage",false,1080,1080,"https://instagram.fmex16-1.fna.fbcdn.net/v/t51.2885-15/e35/s1080x1080/120540588_1026718197793364_2870309306149623791_n.jpg?_nc_ht=instagram.fmex16-1.fna.fbcdn.net&_nc_cat=108&_nc_ohc=OOVDPoQpUIUAX-MD3Ky&_nc_tp=15&oh=01c9a48cabba5fd4f2b8d3120d608bd7&oe=5FB3E9F4","https://instagram.fmex16-1.fna.fbcdn.net/v/t51.2885-15/sh0.08/e35/s640x640/120540588_1026718197793364_2870309306149623791_n.jpg?_nc_ht=instagram.fmex16-1.fna.fbcdn.net&_nc_cat=108&_nc_ohc=OOVDPoQpUIUAX-MD3Ky&_nc_tp=24&oh=aec2f5577456f1a5359d2eb753d535b2&oe=5FB5A21B","336339103","bbva_mex","Nada como el azul del mar y sentir la brisa mientras caminas, pronto volveremos a disfrutar de la calma de estos paisajes. Comenta con un üèù si extra√±as la playa.
#BBVAM√©xico #Recuerdo #M√©xico",20,555,false,1601492483,,"[""#BBVAM"",""#Recuerdo"",""#M""]","[]",,,,,
"2401179233462207243","CFSs8p0j0ML","GraphSidecar",false,1080,1080,"https://instagram.fmex16-1.fna.fbcdn.net/v/t51.2885-15/e35/s1080x1080/119659811_416407695989041_4189106912487608143_n.jpg?_nc_ht=instagram.fmex16-1.fna.fbcdn.net&_nc_cat=101&_nc_ohc=JNrilTKrxzQAX_MJrbo&_nc_tp=15&oh=2df7ce51e133c29e277512f0184ce5f2&oe=5FB47397","https://instagram.fmex16-1.fna.fbcdn.net/v/t51.2885-15/sh0.08/e35/s640x640/119659811_416407695989041_4189106912487608143_n.jpg?_nc_ht=instagram.fmex16-1.fna.fbcdn.net&_nc_cat=101&_nc_ohc=JNrilTKrxzQAX_MJrbo&_nc_tp=24&oh=2aacd6fac7a13ffccec874af5addd2d7&oe=5FB2D153","336339103","bbva_mex","¬øYa est√°s pensando a d√≥nde ir ahora que regresemos a la nueva normalidad? Te compartimos la info para visitar #Taxco para que lo coloques en tu lista de deseos. 
#M√©xico #BBVAPlan #BBVAM√©xico",14,691,false,1600462892,,"[""#Taxco"",""#M"",""#BBVAPlan"",""#BBVAM""]","[]",,,,,
"2399767393557538795","CFNr7rcj-fr","GraphVideo",true,750,750,"https://instagram.fmex16-1.fna.fbcdn.net/v/t51.2885-15/e35/119657059_182767263298743_7486909646965491806_n.jpg?_nc_ht=instagram.fmex16-1.fna.fbcdn.net&_nc_cat=103&_nc_ohc=dpcIBA7JfWQAX83q07p&_nc_tp=18&oh=3bab5b41bab0dcf0b11d5c0e48939011&oe=5F8CEC28","https://instagram.fmex16-1.fna.fbcdn.net/v/t51.2885-15/sh0.08/e35/s640x640/119657059_182767263298743_7486909646965491806_n.jpg?_nc_ht=instagram.fmex16-1.fna.fbcdn.net&_nc_cat=103&_nc_ohc=dpcIBA7JfWQAX83q07p&_nc_tp=24&oh=bdcb889bd7631b7e73e4a91d7096c8c5&oe=5F8CF59E","336339103","bbva_mex","üá≤üáΩ Los colores, paisajes, hospitalidad y gastronom√≠a son algunas cosas que caracterizan a los mexicanos. Este #D√≠aDeLaIndependencia, cu√©ntanos, ¬øqu√© te hace sentir orgulloso de #M√©xico? üéâ
#BBVAM√©xico #CreandoOportunidades",24,1334,false,1600294600,,"[""#D"",""#M"",""#BBVAM"",""#CreandoOportunidades""]","[]",18829,,,,
"2409247533093986929","CFvXd3aDaJx","GraphVideo",true,685,750,"https://instagram.fmex16-1.fna.fbcdn.net/v/t51.2885-15/e35/120395416_349867272981987_7221875984609095660_n.jpg?_nc_ht=instagram.fmex16-1.fna.fbcdn.net&_nc_cat=103&_nc_ohc=DttWDyPm4ZAAX8jaOZ3&_nc_tp=18&oh=c84064dd94851f275b21eb41628a3ff8&oe=5F8CCAA6","https://instagram.fmex16-1.fna.fbcdn.net/v/t51.2885-15/sh0.08/e35/c31.0.658.658a/s640x640/120395416_349867272981987_7221875984609095660_n.jpg?_nc_ht=instagram.fmex16-1.fna.fbcdn.net&_nc_cat=103&_nc_ohc=DttWDyPm4ZAAX8jaOZ3&oh=7d84307cc3b339c8d543bb5452c93dd2&oe=5F8CFD8A","336339103","bbva_mex","Para BBVA la reputacioÃÅn es uno de los activos intangibles maÃÅs valiosos, por lo que hemos implementado acciones de Negocio Responsable fomentando la innovacioÃÅn de productos y responsabilidad con la sociedad. Irma Acosta, directora de Responsabilidad y ReputacioÃÅn Corporativas de BBVA MeÃÅxico nos platica maÃÅs de este tema.",10,200,false,1601424778,,"[]","[]",9048,,,,
"2404184959822450894","CFdYXuojdDO","GraphVideo",true,750,750,"https://instagram.fmex16-1.fna.fbcdn.net/v/t51.2885-15/e35/119952546_811674832975687_2304478404813977448_n.jpg?_nc_ht=instagram.fmex16-1.fna.fbcdn.net&_nc_cat=107&_nc_ohc=3q2fjOS1megAX9ICUZh&_nc_tp=18&oh=acfe170519b3d528c98ed0f9f6323cdb&oe=5F8CF466","https://instagram.fmex16-1.fna.fbcdn.net/v/t51.2885-15/sh0.08/e35/s640x640/119952546_811674832975687_2304478404813977448_n.jpg?_nc_ht=instagram.fmex16-1.fna.fbcdn.net&_nc_cat=107&_nc_ohc=3q2fjOS1megAX9ICUZh&_nc_tp=24&oh=61b81ebfacb1e03bc39e0bf332f26b98&oe=5F8CC3A0","336339103","bbva_mex","Durante todo septiembre, la #TorreBBVA grita ¬°Viva M√©xico! üá≤üáΩ con su sorprendente show de luces y as√≠ conmemorar el 210 Aniversario de la Independencia de M√©xico. üíö‚ù§Ô∏è Comenta, ¬øqu√© es lo que m√°s te gusta de este hermoso pa√≠s? üåé",106,2881,false,1600821227,,"[""#TorreBBVA""]","[]",159008,,,,
"2418643505356191863","CGQv3QfD7h3","GraphVideo",true,750,750,"https://instagram.fmex16-1.fna.fbcdn.net/v/t51.2885-15/e35/121205316_635583843790524_95949435669284683_n.jpg?_nc_ht=instagram.fmex16-1.fna.fbcdn.net&_nc_cat=100&_nc_ohc=72yGpmdG8GoAX_-KpB5&_nc_tp=18&oh=8929110d44c8a92f5f0829a5cb955a0b&oe=5F8C920F","https://instagram.fmex16-1.fna.fbcdn.net/v/t51.2885-15/sh0.08/e35/s640x640/121205316_635583843790524_95949435669284683_n.jpg?_nc_ht=instagram.fmex16-1.fna.fbcdn.net&_nc_cat=100&_nc_ohc=72yGpmdG8GoAX_-KpB5&_nc_tp=24&oh=ba3c431b0e1ff60db8481c11fd75493f&oe=5F8CB97E","336339103","bbva_mex","Los valores dentro de la cultura laboral en BBVA son un eje importante a la hora de que los colaboradores desempe√±an sus funciones, es as√≠ como nace el Values Day. Paola Alonso Ollinger, Discipline Leader de Cultura Corporativa en BBVA M√©xico nos habla m√°s de este d√≠a. ¬°Con√≥celo!
#BBVAM√©xico #CreandoOportunidades #Valores",3,171,false,1602544811,,"[""#BBVAM"",""#CreandoOportunidades"",""#Valores""]","[]",8610,,,,
"2398310354675111225","CFIgo-PjRU5","GraphImage",false,720,1080,"https://instagram.fmex16-1.fna.fbcdn.net/v/t51.2885-15/e35/s1080x1080/119215036_432512507708740_8627930789563752744_n.jpg?_nc_ht=instagram.fmex16-1.fna.fbcdn.net&_nc_cat=104&_nc_ohc=3__shriHRkEAX-Epw9t&_nc_tp=15&oh=683d2e3df0faefccce653edb94ae8093&oe=5FB50632","https://instagram.fmex16-1.fna.fbcdn.net/v/t51.2885-15/sh0.08/e35/c240.0.960.960a/s640x640/119215036_432512507708740_8627930789563752744_n.jpg?_nc_ht=instagram.fmex16-1.fna.fbcdn.net&_nc_cat=104&_nc_ohc=3__shriHRkEAX-Epw9t&oh=c66312174ae69a62dc08f20c054e85ad&oe=5FB2EB92","336339103","bbva_mex","¬øSab√≠as que el auditorio de BBVA Parques Polanco tiene una capacidad para 300 personas? Doble TAP si ya has visitado este lugar. 
#BBVAM√©xico #CreandoOportunidades #CDMX",34,769,false,1600120895,,"[""#BBVAM"",""#CreandoOportunidades"",""#CDMX""]","[]",,,,,
"2396860772367793133","CFDXCxhDPvt","GraphImage",false,720,1080,"https://instagram.fmex16-1.fna.fbcdn.net/v/t51.2885-15/e35/s1080x1080/119229574_990339004712771_3146239838188546613_n.jpg?_nc_ht=instagram.fmex16-1.fna.fbcdn.net&_nc_cat=111&_nc_ohc=10CRvMjd9zMAX-yaAPo&_nc_tp=15&oh=ed32e66c2833539c8c8c81dc75c1cdb7&oe=5FB353F8","https://instagram.fmex16-1.fna.fbcdn.net/v/t51.2885-15/sh0.08/e35/c239.0.961.961a/s640x640/119229574_990339004712771_3146239838188546613_n.jpg?_nc_ht=instagram.fmex16-1.fna.fbcdn.net&_nc_cat=111&_nc_ohc=10CRvMjd9zMAX-yaAPo&oh=104f4a4a239f96c7d73d87dcfcfe6829&oe=5FB2336C","336339103","bbva_mex","Algunos lugares de #M√©xico son tan sorprendentes que parecen sacados de un cuento. üòç Com√©ntanos, ¬øcu√°l es ese lugar para ti? ‚ú®
#viajes #BBVAM√©xico #visit",19,463,false,1599948091,,"[""#M"",""#viajes"",""#BBVAM"",""#visit""]","[]",,,,,
"2393148456384164439","CE2K9d1jXJX","GraphImage",false,1350,1080,"https://instagram.fmex16-1.fna.fbcdn.net/v/t51.2885-15/e35/p1080x1080/118850656_2430464433924950_2940948208537212099_n.jpg?_nc_ht=instagram.fmex16-1.fna.fbcdn.net&_nc_cat=102&_nc_ohc=KRSnkKRcw5MAX9SSHnt&tp=19&oh=1bf6883b6b829259111bed9afdf07d9c&oe=5FB2D3BC","https://instagram.fmex16-1.fna.fbcdn.net/v/t51.2885-15/sh0.08/e35/c0.169.1349.1349a/s640x640/118850656_2430464433924950_2940948208537212099_n.jpg?_nc_ht=instagram.fmex16-1.fna.fbcdn.net&_nc_cat=102&_nc_ohc=KRSnkKRcw5MAX9SSHnt&oh=cfd03567eb0f7e44767e9e7c0e6558e6&oe=5FB3E03E","336339103","bbva_mex","¬°S√© como la #TorreBBVA, que a pesar de los d√≠as dif√≠ciles nunca deja de brillar! Gracias a @vidal.riv por esta foto, comenta con un üíô si te parece incre√≠ble. üè¢‚ú®
#BBVAM√©xico #CDMX",77,2144,false,1599505548,,"[""#TorreBBVA"",""#BBVAM"",""#CDMX""]","[""@vidal""]",,,,,
"2390383463007997134","CEsWRhFj0zO","GraphSidecar",false,1080,1080,"https://instagram.fmex16-1.fna.fbcdn.net/v/t51.2885-15/e35/s1080x1080/118697832_204243674377639_617966521193907410_n.jpg?_nc_ht=instagram.fmex16-1.fna.fbcdn.net&_nc_cat=107&_nc_ohc=_Ox0w4trcVcAX-IwuWJ&_nc_tp=15&oh=ad8a24ff50b60ee3f03e5447c8c0e51b&oe=5FB2C38C","https://instagram.fmex16-1.fna.fbcdn.net/v/t51.2885-15/sh0.08/e35/s640x640/118697832_204243674377639_617966521193907410_n.jpg?_nc_ht=instagram.fmex16-1.fna.fbcdn.net&_nc_cat=107&_nc_ohc=_Ox0w4trcVcAX-IwuWJ&_nc_tp=24&oh=1ac3f5deff38112e6f49e768ce0291c3&oe=5FB428BD","336339103","bbva_mex","¬øCreiÃÅas que el recorrido virtual ‚ÄúTerritorios‚Äù no podiÃÅa ser maÃÅs increiÃÅble? ¬°Te equivocas! Si auÃÅn no lo has visto, no pierdas la oportunidad y hazlo de la mano del mismiÃÅsimo @santiago_arau este 9 de septiembre a traveÃÅs de nuestro Facebook.",4,402,false,1599175936,,"[]","[""@santiago_arau""]",,,,,
"2388919469114028648","CEnJZmhjnJo","GraphImage",false,607,1080,"https://instagram.fmex16-1.fna.fbcdn.net/v/t51.2885-15/e35/s1080x1080/118659938_664159517789370_6581496790336556529_n.jpg?_nc_ht=instagram.fmex16-1.fna.fbcdn.net&_nc_cat=106&_nc_ohc=DO4gVTChF6MAX9wHQ87&_nc_tp=15&oh=dffe1dedde5c243ca86dce726e752b8f&oe=5FB485CF","https://instagram.fmex16-1.fna.fbcdn.net/v/t51.2885-15/sh0.08/e35/c315.0.810.810a/s640x640/118659938_664159517789370_6581496790336556529_n.jpg?_nc_ht=instagram.fmex16-1.fna.fbcdn.net&_nc_cat=106&_nc_ohc=DO4gVTChF6MAX9wHQ87&oh=485e0979f821c1bc77c9fa15e47cad64&oe=5FB22CAF","336339103","bbva_mex","Queremos saber m√°s de ti, cu√©ntanos en los comentarios qu√© has aprendido este a√±o y si tienes alg√∫n plan especial para esta √∫ltima parte del 2020.",35,899,false,1599001414,,"[]","[]",,,,,
"2387471698401926928","CEiANw-i58Q","GraphSidecar",false,1350,1080,"https://instagram.fmex16-1.fna.fbcdn.net/v/t51.2885-15/e35/p1080x1080/118516342_828991750969463_1615489325640566285_n.jpg?_nc_ht=instagram.fmex16-1.fna.fbcdn.net&_nc_cat=111&_nc_ohc=tBfcLz7L2E8AX-zVTsE&tp=19&oh=6901737682b1803106b9f580509b9118&oe=5FB463D5","https://instagram.fmex16-1.fna.fbcdn.net/v/t51.2885-15/sh0.08/e35/c0.167.1333.1333a/s640x640/118516342_828991750969463_1615489325640566285_n.jpg?_nc_ht=instagram.fmex16-1.fna.fbcdn.net&_nc_cat=111&_nc_ohc=tBfcLz7L2E8AX-zVTsE&oh=b77c76998d2d3e4c5d3711956a244305&oe=5FB2A861","336339103","bbva_mex","¬°Presume tu talento! CompaÃÅrtenos tu mejor toma con la torre, arroÃÅbanos y utiliza el hashtag #TorreBBVA. Pronto podriÃÅas verla publicada en nuestro perfil como la de ellos. 

üì∏: @lolon_mtz /  modelo: @jjavierdiwtz 
üì∏: @man.graphy /modelo: @lucerojimenez21",35,934,false,1598828826,,"[""#TorreBBVA""]","[""@lolon_mtz"",""@jjavierdiwtz"",""@man"",""@lucerojimenez21""]",,,,,
"2385174495785565060","CEZ15EUnruE","GraphImage",false,717,1080,"https://instagram.fmex16-1.fna.fbcdn.net/v/t51.2885-15/e35/s1080x1080/118395221_2842340285997372_5708203892717076907_n.jpg?_nc_ht=instagram.fmex16-1.fna.fbcdn.net&_nc_cat=100&_nc_ohc=ebDn5Oh3ZGUAX8fJBez&_nc_tp=15&oh=d808a71d5a87f6b8473bbe41133942a2&oe=5FB2B8E6","https://instagram.fmex16-1.fna.fbcdn.net/v/t51.2885-15/sh0.08/e35/c241.0.957.957a/s640x640/118395221_2842340285997372_5708203892717076907_n.jpg?_nc_ht=instagram.fmex16-1.fna.fbcdn.net&_nc_cat=100&_nc_ohc=ebDn5Oh3ZGUAX8fJBez&oh=9b5815ff0807ca2f0bbd7e68384f1df1&oe=5FB38997","336339103","bbva_mex","Si descubrir lugares nuevos es lo tuyo, seguro tienes uno que ha sido tu favorito. Cu√©ntanos, ¬øcu√°l es ese destino que visitar√≠as mil veces? 
#M√©xico #BBVAM√©xico #Travel",22,394,false,1598554978,,"[""#M"",""#BBVAM"",""#Travel""]","[]",,,,,
"2380946337015227618","CEK0hQnD2Ti","GraphImage",false,1080,1080,"https://instagram.fmex16-1.fna.fbcdn.net/v/t51.2885-15/e35/117933537_789295624972022_5813708010832712731_n.jpg?_nc_ht=instagram.fmex16-1.fna.fbcdn.net&_nc_cat=102&_nc_ohc=mQPI8c4QEDMAX-Uw6OH&_nc_tp=18&oh=2f0d76a86f615ae481173bc0375f656f&oe=5FB5EE4B","https://instagram.fmex16-1.fna.fbcdn.net/v/t51.2885-15/sh0.08/e35/s640x640/117933537_789295624972022_5813708010832712731_n.jpg?_nc_ht=instagram.fmex16-1.fna.fbcdn.net&_nc_cat=102&_nc_ohc=mQPI8c4QEDMAX-Uw6OH&_nc_tp=24&oh=5d63d66cd13e555c38e98cf9653cddb2&oe=5FB5D5F1","336339103","bbva_mex","Nada como ver el atardecer en nuestra #CDMX apreciando la #TorreBBVA, gracias a @vidal.riv por capturar esta sorprendente vista. Comenta con un ‚òÄ si a ti tambi√©n te encant√≥. #BBVAM√©xico",31,1700,false,1598050943,,"[""#CDMX"",""#TorreBBVA"",""#BBVAM""]","[""@vidal""]",,,,,
"2379435752020661939","CEFdDWtDlaz","GraphSidecar",false,1080,1080,"https://instagram.fmex16-1.fna.fbcdn.net/v/t51.2885-15/e35/117752052_599674324029987_3230509098587859548_n.jpg?_nc_ht=instagram.fmex16-1.fna.fbcdn.net&_nc_cat=103&_nc_ohc=1rdT-_Gh40IAX9hxd2o&_nc_tp=18&oh=79ad2bb3fd8ea62bed03adcd9c39b20f&oe=5FB42597","https://instagram.fmex16-1.fna.fbcdn.net/v/t51.2885-15/sh0.08/e35/s640x640/117752052_599674324029987_3230509098587859548_n.jpg?_nc_ht=instagram.fmex16-1.fna.fbcdn.net&_nc_cat=103&_nc_ohc=1rdT-_Gh40IAX9hxd2o&_nc_tp=24&oh=45fbc4d4dd9ae73fb053c2c872f22615&oe=5FB248AD","336339103","bbva_mex","¬°Prep√°rate para tu nueva aventura! Aqu√≠ te compartimos una opci√≥n para tu pr√≥xima escapada. Comenta con un ‚úà si vas a comenzar tu #BBVAPlan para visitar #Chiapas. Checa la info para cuando sea momento de salir nuevamente respetando las medidas de seguridad te lances.",17,639,false,1597870867,,"[""#BBVAPlan"",""#Chiapas""]","[]",,,,,
"2378016371956843752","CEAaUqAjQTo","GraphImage",false,607,1080,"https://instagram.fmex16-1.fna.fbcdn.net/v/t51.2885-15/e35/s1080x1080/117848077_170533591247710_6459932883301995222_n.jpg?_nc_ht=instagram.fmex16-1.fna.fbcdn.net&_nc_cat=110&_nc_ohc=copZEJuXw-UAX9KOhAL&_nc_tp=15&oh=9e947bf89c1ebf036dde9d5cc7bddb37&oe=5FB48479","https://instagram.fmex16-1.fna.fbcdn.net/v/t51.2885-15/sh0.08/e35/c315.0.810.810a/s640x640/117848077_170533591247710_6459932883301995222_n.jpg?_nc_ht=instagram.fmex16-1.fna.fbcdn.net&_nc_cat=110&_nc_ohc=copZEJuXw-UAX9KOhAL&oh=33bc43bdc34dab6e64d43a3df4369d36&oe=5FB2A499","336339103","bbva_mex","Abrir las alas y volar hacia nuestra meta puede asustarnos, pero se necesita de determinaci√≥n para emprender el vuelo, comenta con un üíô si est√°s m√°s que listo para hacerlo. 
#BBVAM√©xico #CreandoOportunidades #Metas",65,616,false,1597701663,,"[""#BBVAM"",""#CreandoOportunidades"",""#Metas""]","[]",,,,,
"2376576597274437149","CD7S9LWDKYd","GraphImage",false,1080,1080,"https://instagram.fmex16-1.fna.fbcdn.net/v/t51.2885-15/e35/s1080x1080/117354458_335803520791733_8629970148337500634_n.jpg?_nc_ht=instagram.fmex16-1.fna.fbcdn.net&_nc_cat=105&_nc_ohc=xFrW3BgJyc4AX-xQ8ky&_nc_tp=15&oh=10ea0e64c23b5c5abf8eef310f81cf12&oe=5FB4D378","https://instagram.fmex16-1.fna.fbcdn.net/v/t51.2885-15/sh0.08/e35/s640x640/117354458_335803520791733_8629970148337500634_n.jpg?_nc_ht=instagram.fmex16-1.fna.fbcdn.net&_nc_cat=105&_nc_ohc=xFrW3BgJyc4AX-xQ8ky&_nc_tp=24&oh=968d35cf84ea7341fe61b54e8888667d&oe=5FB25A34","336339103","bbva_mex","¬øSabi√°s que para la construcci√≥n de Parques BBVA Polanco se utilizaron 16,851.94 toneladas de acero? Da doble TAP para completar el üíô si este dato te impresion√≥. 
#BBVAM√©xico #CreandoOportunidades",79,2062,false,1597530029,,"[""#BBVAM"",""#CreandoOportunidades""]","[]",,"1019569005",true,"Torre Bbva Parques Polanco","torre-bbva-parques-polanco"
"2375117424573657822","CD2HLa3jbLe","GraphImage",false,717,1080,"https://instagram.fmex16-1.fna.fbcdn.net/v/t51.2885-15/e35/s1080x1080/117534511_614432939479346_6542199392805847911_n.jpg?_nc_ht=instagram.fmex16-1.fna.fbcdn.net&_nc_cat=102&_nc_ohc=eeuY6Erv5mcAX9sBHuu&_nc_tp=15&oh=e1eddb780acd99858c4c02ed1aa24053&oe=5FB49983","https://instagram.fmex16-1.fna.fbcdn.net/v/t51.2885-15/sh0.08/e35/c241.0.957.957a/s640x640/117534511_614432939479346_6542199392805847911_n.jpg?_nc_ht=instagram.fmex16-1.fna.fbcdn.net&_nc_cat=102&_nc_ohc=eeuY6Erv5mcAX9sBHuu&oh=44fa2a2d53c6c5413583c7ddb512c5aa&oe=5FB455EC","336339103","bbva_mex","Visitar un estado de la Rep√∫blica Mexicana y no querer regresar es imposible.
Cu√©ntanos, ¬øcu√°l fue el √∫ltimo lugar que visitaste?
#BBVAM√©xico #M√©xico #Travel",38,388,false,1597356082,,"[""#BBVAM"",""#M"",""#Travel""]","[]",,,,,
"2370678484252830539","CDmV4VijStL","GraphImage",false,810,1080,"https://instagram.fmex16-1.fna.fbcdn.net/v/t51.2885-15/e35/116909285_339800400512397_1626648346490941839_n.jpg?_nc_ht=instagram.fmex16-1.fna.fbcdn.net&_nc_cat=109&_nc_ohc=haK_AGyA-WYAX8wvs28&_nc_tp=18&oh=384d0edca4a12e7bbc70d9301f23aa1a&oe=5FB3331B","https://instagram.fmex16-1.fna.fbcdn.net/v/t51.2885-15/sh0.08/e35/c135.0.810.810a/s640x640/116909285_339800400512397_1626648346490941839_n.jpg?_nc_ht=instagram.fmex16-1.fna.fbcdn.net&_nc_cat=109&_nc_ohc=haK_AGyA-WYAX8wvs28&oh=7af2fbd3b2e9cf5cc6e1fb70fea44a45&oe=5FB26309","336339103","bbva_mex","No cabe duda que la #TorreBBVA combina perfecto con la naturaleza y la urbanidad de nuestra #CDMX. @chriscarranza_18 nos lo demuestra con esta postal. Doble TAP si t√∫ tambi√©n lo crees. 
#CDMX #BBVAM√©xico",29,1356,false,1596826919,,"[""#TorreBBVA"",""#CDMX"",""#CDMX"",""#BBVAM""]","[""@chriscarranza_18""]",,,,,
"2369353922118611746","CDhota7DvMi","GraphSidecar",false,1080,1080,"https://instagram.fmex16-1.fna.fbcdn.net/v/t51.2885-15/e35/s1080x1080/116852422_661066724494347_6196915973868867762_n.jpg?_nc_ht=instagram.fmex16-1.fna.fbcdn.net&_nc_cat=103&_nc_ohc=oZplVqNauKwAX-3JlWp&_nc_tp=15&oh=1312b0dc6fa5dd77ff6008430620b229&oe=5FB25603","https://instagram.fmex16-1.fna.fbcdn.net/v/t51.2885-15/sh0.08/e35/s640x640/116852422_661066724494347_6196915973868867762_n.jpg?_nc_ht=instagram.fmex16-1.fna.fbcdn.net&_nc_cat=103&_nc_ohc=oZplVqNauKwAX-3JlWp&_nc_tp=24&oh=7160871151a2a61ca01f3f0b199ef914&oe=5FB5FBC7","336339103","bbva_mex","En lo que va del a√±o te hemos mostrado algunas de las actividades culturales m√°s interesantes para que realices desde casa, pero nada se compara con apreciar el arte en vivo. Desliza a la izquierda y en la √∫ltima imagen da TAP sobre la foto que m√°s te guste y descubre qu√© spot visitar√°s ahora que termine la cuarentena. ¬°No olvides comentar cu√°l te sali√≥!",14,1032,false,1596669019,,"[]","[]",,,,,
"2365674247097833056","CDUkDGgjlZg","GraphSidecar",false,1350,1080,"https://instagram.fmex16-1.fna.fbcdn.net/v/t51.2885-15/e35/p1080x1080/116412896_299756401081006_687628397673393255_n.jpg?_nc_ht=instagram.fmex16-1.fna.fbcdn.net&_nc_cat=110&_nc_ohc=XFvqIPuO3nkAX-ekS4e&tp=19&oh=4b8b4d1cf3fa96a4584b524d789ee9b5&oe=5FB455D3","https://instagram.fmex16-1.fna.fbcdn.net/v/t51.2885-15/sh0.08/e35/c0.180.1440.1440a/s640x640/116412896_299756401081006_687628397673393255_n.jpg?_nc_ht=instagram.fmex16-1.fna.fbcdn.net&_nc_cat=110&_nc_ohc=XFvqIPuO3nkAX-ekS4e&oh=ebfd61c30d16670b14964f40d7f7b4e9&oe=5FB3B842","336339103","bbva_mex","En el d√≠a o en la noche la #TorreBBVA es el mejor spot para tomarte una incre√≠ble foto. No guardes esa incre√≠ble foto en tu galer√≠a, mejor comp√°rtela con nosotros y pronto vela en nuestro perfil, as√≠ como la de ellos. 
üì∏: @angie.ganu 
üì∏: @aero_santi",35,1231,false,1596230368,,"[""#TorreBBVA""]","[""@angie"",""@aero_santi""]",,,,,
"2364878732147928065","CDRvK1ejawB","GraphImage",false,719,1080,"https://instagram.fmex16-1.fna.fbcdn.net/v/t51.2885-15/e35/s1080x1080/116669194_293944721851490_2816616744494622538_n.jpg?_nc_ht=instagram.fmex16-1.fna.fbcdn.net&_nc_cat=102&_nc_ohc=-5lRPS3DhcoAX-KUI3Q&_nc_tp=15&oh=35296a209af552e3caadf7528b604560&oe=5FB5305E","https://instagram.fmex16-1.fna.fbcdn.net/v/t51.2885-15/sh0.08/e35/c240.0.959.959a/s640x640/116669194_293944721851490_2816616744494622538_n.jpg?_nc_ht=instagram.fmex16-1.fna.fbcdn.net&_nc_cat=102&_nc_ohc=-5lRPS3DhcoAX-KUI3Q&oh=ce16e88f450b994da3a0308b7e3f5695&oe=5FB4AC85","336339103","bbva_mex","En los lugares que menos esperas es donde est√°n las grandes oportunidades.
Comenta, con un emoji si ya encontraste el camino que te llevar√° a tu objetivo.

#BBVAM√©xico #M√©xico",38,596,false,1596135535,,"[""#BBVAM"",""#M""]","[]",,,,,
"2364247733336688120","CDPfsmCjkX4","GraphVideo",true,685,750,"https://instagram.fmex16-1.fna.fbcdn.net/v/t51.2885-15/e35/116517506_335025214556427_1352987553982484732_n.jpg?_nc_ht=instagram.fmex16-1.fna.fbcdn.net&_nc_cat=103&_nc_ohc=oH-rGjJhzcgAX8AVP-r&_nc_tp=18&oh=708f5c6d385869bc3693fc0f71615866&oe=5F8D22C6","https://instagram.fmex16-1.fna.fbcdn.net/v/t51.2885-15/sh0.08/e35/c31.0.658.658a/s640x640/116517506_335025214556427_1352987553982484732_n.jpg?_nc_ht=instagram.fmex16-1.fna.fbcdn.net&_nc_cat=103&_nc_ohc=oH-rGjJhzcgAX8AVP-r&oh=3f1bd4f7eb6d94d5c5d5662b65f478ea&oe=5F8C8FAA","336339103","bbva_mex","¬øSab√≠as que los colaboradores de BBVA brindan mentor√≠a durante un a√±o a nuestros becarios en universidad, utilizando las herramientas desarrolladas por Fundaci√≥n BBVA? Daniel Coulomb, Director de Programas Educativos en Fundaci√≥n BBVA M√©xico nos cuenta m√°s sobre esta iniciativa a favor de la educaci√≥n de los j√≥venes mexicanos.
 
#BBVAM√©xico #CreandoOportunidades #SomosComunidadQueInspira",13,190,false,1596060342,,"[""#BBVAM"",""#CreandoOportunidades"",""#SomosComunidadQueInspira""]","[]",3315,,,,
"2359866996290289150","CC_7oevDP3-","GraphImage",false,1255,1080,"https://instagram.fmex16-1.fna.fbcdn.net/v/t51.2885-15/e35/116011507_1208160592865577_8047348637980051016_n.jpg?_nc_ht=instagram.fmex16-1.fna.fbcdn.net&_nc_cat=109&_nc_ohc=vhPEAktcV6IAX9ggDAO&_nc_tp=18&oh=44b34cf06f634c47f83d21730eef2895&oe=5FB4E0B2","https://instagram.fmex16-1.fna.fbcdn.net/v/t51.2885-15/sh0.08/e35/c0.81.1005.1005a/s640x640/116011507_1208160592865577_8047348637980051016_n.jpg?_nc_ht=instagram.fmex16-1.fna.fbcdn.net&_nc_cat=109&_nc_ohc=vhPEAktcV6IAX9ggDAO&oh=221d28b1257c618ce4b197d6f19d9903&oe=5FB47FEF","336339103","bbva_mex","Cuando el cielo nos regala algunas nubes acompanÃÉadas de la #TorreBBVA, sin duda es una imagen que vale la pena capturar. Esta vez @reygolens nos regala esta gran toma.",36,1936,false,1595538089,,"[""#TorreBBVA""]","[""@reygolens""]",,,,,
"2358425237978996390","CC6z0IrDd6m","GraphSidecar",false,1080,1080,"https://instagram.fmex16-1.fna.fbcdn.net/v/t51.2885-15/e35/s1080x1080/110286135_159764635725795_5494057694363852031_n.jpg?_nc_ht=instagram.fmex16-1.fna.fbcdn.net&_nc_cat=103&_nc_ohc=HGAMXHmbNFkAX_8A3fg&_nc_tp=15&oh=cf0e1ccebb26103928d2c43616b623f6&oe=5FB295A3","https://instagram.fmex16-1.fna.fbcdn.net/v/t51.2885-15/sh0.08/e35/s640x640/110286135_159764635725795_5494057694363852031_n.jpg?_nc_ht=instagram.fmex16-1.fna.fbcdn.net&_nc_cat=103&_nc_ohc=HGAMXHmbNFkAX_8A3fg&_nc_tp=24&oh=a21a8dd73e53e092df3cff3a0dfafe63&oe=5FB34DE7","336339103","bbva_mex","Si ya te urge desempolvar nuevamente tu maleta, ac√° te compartimos una idea para que comiences tu meta en #BBVAPlan y te vayas a Puerto Vallarta ahora que regresemos a la nueva normalidad. üèù‚òÄÔ∏è
#M√©xico #Jalisco #BBVAM√©xico",16,635,false,1595366218,,"[""#BBVAPlan"",""#M"",""#Jalisco"",""#BBVAM""]","[]",,,,,
"2355558356838495335","CCwn9hjD7Rn","GraphImage",false,603,1080,"https://instagram.fmex16-1.fna.fbcdn.net/v/t51.2885-15/e35/s1080x1080/108171466_1459008920961548_3988934614387638742_n.jpg?_nc_ht=instagram.fmex16-1.fna.fbcdn.net&_nc_cat=108&_nc_ohc=ouHvD2zR0RgAX8YTO4V&_nc_tp=15&oh=0233595ea740c02d33313a637861d680&oe=5FB56151","https://instagram.fmex16-1.fna.fbcdn.net/v/t51.2885-15/sh0.08/e35/c318.0.804.804a/s640x640/108171466_1459008920961548_3988934614387638742_n.jpg?_nc_ht=instagram.fmex16-1.fna.fbcdn.net&_nc_cat=108&_nc_ohc=ouHvD2zR0RgAX8YTO4V&oh=c4d1f14d552e6917a429d7c75f342f28&oe=5FB2D9AF","336339103","bbva_mex","Aunque haya cientos de caminos t√∫ eliges cu√°l tomar para llegar a tu meta. Comenta con un üíô si tienes el ojo bien puesto en tus objetivos.
#Metas #BBVAM√©xico #CreandoOportunidades",51,532,false,1595024459,,"[""#Metas"",""#BBVAM"",""#CreandoOportunidades""]","[]",,,,,
"2354101157935136519","CCrcofUDz8H","GraphImage",false,719,1080,"https://instagram.fmex16-1.fna.fbcdn.net/v/t51.2885-15/e35/s1080x1080/109524543_322630802099175_6681715292541984799_n.jpg?_nc_ht=instagram.fmex16-1.fna.fbcdn.net&_nc_cat=103&_nc_ohc=glnybvxZiOkAX_G_KbG&_nc_tp=15&oh=e33f48982a6b556c57a9cabb36e42c0a&oe=5FB4E6FA","https://instagram.fmex16-1.fna.fbcdn.net/v/t51.2885-15/sh0.08/e35/c240.0.959.959a/s640x640/109524543_322630802099175_6681715292541984799_n.jpg?_nc_ht=instagram.fmex16-1.fna.fbcdn.net&_nc_cat=103&_nc_ohc=glnybvxZiOkAX_G_KbG&oh=c8e17bd5e76c1e91dc0f1ab512a11bbb&oe=5FB28A21","336339103","bbva_mex","¬øSab√≠as que nuestra #TorreBBVA cuenta con dos bibliotecas? Una de ellas nos regala una vista hacia la Avenida Paseo de la Reforma, logrando apreciar lo inmensa que es la #CDMX. Doble TAP si lo sab√≠as. 
#BBVAM√©xico #CreandoOportunidades",31,914,false,1594850748,,"[""#TorreBBVA"",""#CDMX"",""#BBVAM"",""#CreandoOportunidades""]","[]",,,,,
"2352651364486590129","CCmS_N8j66x","GraphImage",false,717,1080,"https://instagram.fmex16-1.fna.fbcdn.net/v/t51.2885-15/e35/s1080x1080/109557917_700409027476588_6613079832685259181_n.jpg?_nc_ht=instagram.fmex16-1.fna.fbcdn.net&_nc_cat=104&_nc_ohc=91Rtg9YkrJwAX_TSBUQ&_nc_tp=15&oh=cbabe9ba28ca28faa9055aa13db62eb1&oe=5FB2DAEA","https://instagram.fmex16-1.fna.fbcdn.net/v/t51.2885-15/sh0.08/e35/c241.0.957.957a/s640x640/109557917_700409027476588_6613079832685259181_n.jpg?_nc_ht=instagram.fmex16-1.fna.fbcdn.net&_nc_cat=104&_nc_ohc=91Rtg9YkrJwAX_TSBUQ&oh=64ce60b7d7db3ecc367f55e031219027&oe=5FB30901","336339103","bbva_mex","Los colores que nos regala la naturaleza son incomparables, comenta con un ‚òÄÔ∏è y etiqueta a la persona con la que has podido disfrutar de un hermoso atardecer. 
#CreandoOportunidades #BBVAM√©xico",13,477,false,1594677919,,"[""#CreandoOportunidades"",""#BBVAM""]","[]",,,,,
"2373578364658909381","CDwpPJoDADF","GraphVideo",true,750,750,"https://instagram.fmex16-1.fna.fbcdn.net/v/t51.2885-15/e35/117252543_289218685865264_2176918649669143584_n.jpg?_nc_ht=instagram.fmex16-1.fna.fbcdn.net&_nc_cat=108&_nc_ohc=618UtRkmyDIAX8C33wv&_nc_tp=18&oh=54cee5760225113b24ca6733acf25ff6&oe=5F8C9B1A","https://instagram.fmex16-1.fna.fbcdn.net/v/t51.2885-15/sh0.08/e35/s640x640/117252543_289218685865264_2176918649669143584_n.jpg?_nc_ht=instagram.fmex16-1.fna.fbcdn.net&_nc_cat=108&_nc_ohc=618UtRkmyDIAX8C33wv&_nc_tp=24&oh=46ce421318cf852e91299444864e3c50&oe=5F8CBA64","336339103","bbva_mex","Para BBVA, el bienestar de nuestros clientes y colaboradores es fundamental, es por eso que hemos implementado medidas de seguridad en todas las sucursales. Yamil Atiyhe, Director de Administraci√≥n Regional nos platica m√°s sobre los protocolos que se est√°n siguiendo para cuidar tu salud. 
#BBVAM√©xico #CreandoOportunidades",26,204,false,1597172634,,"[""#BBVAM"",""#CreandoOportunidades""]","[]",3897,,,,
"2348934060401620293","CCZFxUvDfVF","GraphImage",false,1063,1080,"https://instagram.fmex16-1.fna.fbcdn.net/v/t51.2885-15/e35/107464202_308706196843153_6032180465203681020_n.jpg?_nc_ht=instagram.fmex16-1.fna.fbcdn.net&_nc_cat=101&_nc_ohc=HXoIHmFDAR4AX8LsByV&_nc_tp=18&oh=ef3084af28a82496039a3cfeca13fe3f&oe=5FB59A74","https://instagram.fmex16-1.fna.fbcdn.net/v/t51.2885-15/sh0.08/e35/c8.0.1063.1063a/s640x640/107464202_308706196843153_6032180465203681020_n.jpg?_nc_ht=instagram.fmex16-1.fna.fbcdn.net&_nc_cat=101&_nc_ohc=HXoIHmFDAR4AX8LsByV&oh=6e18b54bc021ea5004a51df0b941fe5f&oe=5FB2BBD4","336339103","bbva_mex","Como un faro en medio del mar, as√≠ es nuestra #TorreBBVA en medio de la ciudad. Cu√©ntanos, ¬øcu√°l ha sido tu iluminaci√≥n favorita de la primera mitad del a√±o?.
Gracias a @omare.yes y @isrealdo por compartirnos esta incre√≠ble toma. 
#CDMX #Arquitectura #Luces",34,1668,false,1594234782,,"[""#TorreBBVA"",""#CDMX"",""#Arquitectura"",""#Luces""]","[""@omare"",""@isrealdo""]",,,,,
"2347639393965861237","CCUfZcqDGl1","GraphSidecar",false,720,1080,"https://instagram.fmex16-1.fna.fbcdn.net/v/t51.2885-15/e35/s1080x1080/106493470_2624082564573890_9149799008536813792_n.jpg?_nc_ht=instagram.fmex16-1.fna.fbcdn.net&_nc_cat=102&_nc_ohc=R32JKNoKoAkAX8NIdWL&_nc_tp=15&oh=b1ccb42528d35cf4014aeec7fd08ed94&oe=5FB359B4","https://instagram.fmex16-1.fna.fbcdn.net/v/t51.2885-15/sh0.08/e35/c240.0.960.960a/s640x640/106493470_2624082564573890_9149799008536813792_n.jpg?_nc_ht=instagram.fmex16-1.fna.fbcdn.net&_nc_cat=102&_nc_ohc=R32JKNoKoAkAX8NIdWL&oh=eb2ae73c3e6ad005a1fd30ec01fc995f&oe=5FB25774","336339103","bbva_mex","¬øAndas buscando qu√© hacer? Aqu√≠ te compartimos el recorrido virtual 360¬∫ que el @munalmx tiene para ti. Disfruta de sus obras m√°s espectaculares y com√©ntanos cu√°l es tu favorita. 
#BBVAM√©xico #M√©xico #CDMX",3,433,false,1594080445,,"[""#BBVAM"",""#M"",""#CDMX""]","[""@munalmx""]",,,,,
"2345431161252002594","CCMpTbrjrsi","GraphImage",false,607,1080,"https://instagram.fmex16-1.fna.fbcdn.net/v/t51.2885-15/e35/s1080x1080/106355457_1141693772872278_2278169732310103035_n.jpg?_nc_ht=instagram.fmex16-1.fna.fbcdn.net&_nc_cat=106&_nc_ohc=pHmODxx02L4AX9USsZS&_nc_tp=15&oh=7640f1e84b321d8aca0e4e04fb5b296b&oe=5FB2A730","https://instagram.fmex16-1.fna.fbcdn.net/v/t51.2885-15/sh0.08/e35/c315.0.810.810a/s640x640/106355457_1141693772872278_2278169732310103035_n.jpg?_nc_ht=instagram.fmex16-1.fna.fbcdn.net&_nc_cat=106&_nc_ohc=pHmODxx02L4AX9USsZS&oh=9cdca68d47725936afe52ef2697b104a&oe=5FB42AFD","336339103","bbva_mex","Julio empieza con nuevos retos y todav√≠a es tiempo de hacer cambios este a√±o. Cu√©ntanos ¬øcu√°l es tu prop√≥sito para la segunda mitad del 2020?
#CreandoOportunidades #BBVAM√©xico #Julio",38,749,false,1593817204,,"[""#CreandoOportunidades"",""#BBVAM"",""#Julio""]","[]",,,,,
"2343273395913558627","CCE-r0HDQpj","GraphSidecar",false,1344,1080,"https://instagram.fmex16-1.fna.fbcdn.net/v/t51.2885-15/e35/p1080x1080/105976686_276363783444135_3554466796156318648_n.jpg?_nc_ht=instagram.fmex16-1.fna.fbcdn.net&_nc_cat=103&_nc_ohc=1fcrkZDnGNUAX914l_N&tp=19&oh=47c1b785e45ee6a734d49bad18b00338&oe=5FB3CCDE","https://instagram.fmex16-1.fna.fbcdn.net/v/t51.2885-15/sh0.08/e35/c0.176.1440.1440a/s640x640/105976686_276363783444135_3554466796156318648_n.jpg?_nc_ht=instagram.fmex16-1.fna.fbcdn.net&_nc_cat=103&_nc_ohc=1fcrkZDnGNUAX914l_N&oh=522835b2a1a22438c359f2f5023c61bc&oe=5FB58A81","336339103","bbva_mex","¬°Estamos seguros que el mejor talento est√° en nuestra comunidad! Tu foto podr√≠a ser la pr√≥xima en ser publicada. Arr√≥banos y utiliza el hashtag #TorreBBVA.
üì∏:@alanstreet_
üì∏:@moygs_",9,1076,false,1593559978,,"[""#TorreBBVA""]","[""@alanstreet_"",""@moygs_""]",,,,,
"2340972986599516607","CB8zoc_DKm_","GraphImage",false,719,1080,"https://instagram.fmex16-1.fna.fbcdn.net/v/t51.2885-15/e35/s1080x1080/106182242_555541748474511_7873352000223124931_n.jpg?_nc_ht=instagram.fmex16-1.fna.fbcdn.net&_nc_cat=103&_nc_ohc=G_RolXzvlcEAX9GN1gP&_nc_tp=15&oh=e393f472ce3976e3bff4d7450a8bd9ac&oe=5FB3FC6A","https://instagram.fmex16-1.fna.fbcdn.net/v/t51.2885-15/sh0.08/e35/c240.0.959.959a/s640x640/106182242_555541748474511_7873352000223124931_n.jpg?_nc_ht=instagram.fmex16-1.fna.fbcdn.net&_nc_cat=103&_nc_ohc=G_RolXzvlcEAX9GN1gP&oh=14263c78d0263016969b740c481c44dd&oe=5FB54031","336339103","bbva_mex","Forjemos nuestro propio camino, olvidemos las diferencias y abramos paso a las oportunidades para todos.

#BBVAM√©xico #CreandoOportunidades",24,991,false,1593285748,,"[""#BBVAM"",""#CreandoOportunidades""]","[]",,,,,
"2383814506939450482","CEVAqoAjIRy","GraphVideo",true,685,750,"https://instagram.fmex16-1.fna.fbcdn.net/v/t51.2885-15/e35/118143717_686364058645563_4278730256170606455_n.jpg?_nc_ht=instagram.fmex16-1.fna.fbcdn.net&_nc_cat=103&_nc_ohc=MXqCHDT4hmgAX-_0tQ7&_nc_tp=18&oh=6c27f1dada4e0cfab66754600ff934b2&oe=5F8CAAFD","https://instagram.fmex16-1.fna.fbcdn.net/v/t51.2885-15/sh0.08/e35/c31.0.658.658a/s640x640/118143717_686364058645563_4278730256170606455_n.jpg?_nc_ht=instagram.fmex16-1.fna.fbcdn.net&_nc_cat=103&_nc_ohc=MXqCHDT4hmgAX-_0tQ7&oh=83a9410e209069ca6a40bc4ba223e273&oe=5F8CDD51","336339103","bbva_mex","¬øSab√≠as que BBVA M√©xico cuenta con un fondo donde los inversionistas adem√°s de invertir, apoyan la educaci√≥n de ni√±os y j√≥venes mexicanos? Luis Garibay, Director de Producto de BBVA Asset Management M√©xico, nos cuenta m√°s del fondo B+Educa. ¬°Con√≥celo!",12,224,false,1598392874,,"[]","[]",9669,,,,
"2337468825467631395","CBwW4MnjDcj","GraphImage",false,1350,1080,"https://instagram.fmex16-1.fna.fbcdn.net/v/t51.2885-15/e35/p1080x1080/105497746_1438054176378127_6585991686633667737_n.jpg?_nc_ht=instagram.fmex16-1.fna.fbcdn.net&_nc_cat=107&_nc_ohc=0AV2cXLVdVQAX-nO_QE&tp=19&oh=7f1f7b8c227951289089dd6d130d6191&oe=5FB37F4F","https://instagram.fmex16-1.fna.fbcdn.net/v/t51.2885-15/sh0.08/e35/c0.169.1349.1349a/s640x640/105497746_1438054176378127_6585991686633667737_n.jpg?_nc_ht=instagram.fmex16-1.fna.fbcdn.net&_nc_cat=107&_nc_ohc=0AV2cXLVdVQAX-nO_QE&oh=026c61311c6163315888ae1a9a7a1950&oe=5FB52AC9","336339103","bbva_mex","A√∫n en los d√≠as m√°s grises la #TorreBBVA no deja de brillar. Gracias a @yarovrr por compartir con nosotros esta incre√≠ble postal. 
#BBVAM√©xico #CDMX #Atardecer",55,2593,false,1592868019,,"[""#TorreBBVA"",""#BBVAM"",""#CDMX"",""#Atardecer""]","[""@yarovrr""]",,,,,
"2335830712349700002","CBqiag5DS-i","GraphSidecar",false,1080,1080,"https://instagram.fmex16-1.fna.fbcdn.net/v/t51.2885-15/e35/s1080x1080/104067544_1130904010611551_5396889983711698301_n.jpg?_nc_ht=instagram.fmex16-1.fna.fbcdn.net&_nc_cat=111&_nc_ohc=Ka3FSGgR9TYAX_ZeB9S&_nc_tp=15&oh=16e16ab57e82be251eb2c0bcf86de6b6&oe=5FB510A4","https://instagram.fmex16-1.fna.fbcdn.net/v/t51.2885-15/sh0.08/e35/s640x640/104067544_1130904010611551_5396889983711698301_n.jpg?_nc_ht=instagram.fmex16-1.fna.fbcdn.net&_nc_cat=111&_nc_ohc=Ka3FSGgR9TYAX_ZeB9S&_nc_tp=24&oh=5e0f276bce3c4a16c7b92b4c36635d40&oe=5FB26D4B","336339103","bbva_mex","Durante el aislamiento te deshiciste de todo lo que ya no te serv√≠a, ahora es momento de dar el siguiente paso a una renovaci√≥n para que tu lugar favorito siga siendo tu hogar. Comenta con una üè† si est√°s list@ para dejarlo incre√≠ble y recuerda, #YoMeQuedoEnCasa.
 #BBVAPlan",13,383,false,1592672741,,"[""#YoMeQuedoEnCasa"",""#BBVAPlan""]","[]",,,,,
"2334529788817735441","CBl6nlcDH8R","GraphImage",false,607,1080,"https://instagram.fmex16-1.fna.fbcdn.net/v/t51.2885-15/e35/s1080x1080/103782462_577482512958391_2271210682059356903_n.jpg?_nc_ht=instagram.fmex16-1.fna.fbcdn.net&_nc_cat=107&_nc_ohc=jXvbeNt4x0cAX81QpS4&_nc_tp=15&oh=e7ec2bf56440ce4816c7a704fc1d4757&oe=5FB2BCA4","https://instagram.fmex16-1.fna.fbcdn.net/v/t51.2885-15/sh0.08/e35/c315.0.810.810a/s640x640/103782462_577482512958391_2271210682059356903_n.jpg?_nc_ht=instagram.fmex16-1.fna.fbcdn.net&_nc_cat=107&_nc_ohc=jXvbeNt4x0cAX81QpS4&oh=12072f6045f6e9c788fed6f73f184dae&oe=5FB3E1C4","336339103","bbva_mex","La playa para muchos es su lugar favorito. üèñÔ∏è Comenta con üíô si ya comenzaste tu meta en #BBVAPlan para tu pr√≥xima aventura.
#BBVAM√©xico #CreandoOportunidades",41,585,false,1592517659,,"[""#BBVAPlan"",""#BBVAM"",""#CreandoOportunidades""]","[]",,,,,
"2331629548422987841","CBbnLiFjoBB","GraphImage",false,720,1080,"https://instagram.fmex16-1.fna.fbcdn.net/v/t51.2885-15/e35/s1080x1080/81474517_260460938570028_8112028970448921836_n.jpg?_nc_ht=instagram.fmex16-1.fna.fbcdn.net&_nc_cat=100&_nc_ohc=G13Doac_GmoAX_fGZSB&_nc_tp=15&oh=af6b9f88ac14b9c3497528a18bdb93e4&oe=5FB3A66C","https://instagram.fmex16-1.fna.fbcdn.net/v/t51.2885-15/sh0.08/e35/c240.0.960.960a/s640x640/81474517_260460938570028_8112028970448921836_n.jpg?_nc_ht=instagram.fmex16-1.fna.fbcdn.net&_nc_cat=100&_nc_ohc=G13Doac_GmoAX_fGZSB&oh=69c7619e874129924b1cc0e8dcdd9b29&oe=5FB4B5B1","336339103","bbva_mex","Nuestro edificio de Parques BBVA Polanco es un complejo de 30 niveles, 9 s√≥tanos y 1 helipuerto, sumando una superficie total de 153,112 m2. Comenta con un üíôüè¢ si has visto esta incre√≠ble construcci√≥n.",138,1304,false,1592171923,,"[]","[]",,,,,
"2330180000804480505","CBWdl1qq6X5","GraphImage",false,717,1080,"https://instagram.fmex16-1.fna.fbcdn.net/v/t51.2885-15/e35/s1080x1080/103964030_132059501835036_2336893565985427143_n.jpg?_nc_ht=instagram.fmex16-1.fna.fbcdn.net&_nc_cat=100&_nc_ohc=BTbKfJJJvkQAX_lVnRk&_nc_tp=15&oh=a9942f3d8b183f85f00f40429998a355&oe=5FB263F0","https://instagram.fmex16-1.fna.fbcdn.net/v/t51.2885-15/sh0.08/e35/c241.0.957.957a/s640x640/103964030_132059501835036_2336893565985427143_n.jpg?_nc_ht=instagram.fmex16-1.fna.fbcdn.net&_nc_cat=100&_nc_ohc=BTbKfJJJvkQAX_lVnRk&oh=95ee8fe5404aa110d0162805f3e2e91d&oe=5FB51787","336339103","bbva_mex","Todos los lugares que visitamos nos dejan recuerdos incre√≠bles. Cu√©ntanos, ¬øen d√≥nde ha sido tu mejor aventura? ‚úàÔ∏è
#M√©xico #Mar #Recuerdos",27,403,false,1591999124,,"[""#M"",""#Mar"",""#Recuerdos""]","[]",,,,,
"2367902459563576590","CDcer3FD40O","GraphVideo",true,750,750,"https://instagram.fmex16-1.fna.fbcdn.net/v/t51.2885-15/e35/116647230_1013855025699227_571293511172134873_n.jpg?_nc_ht=instagram.fmex16-1.fna.fbcdn.net&_nc_cat=111&_nc_ohc=cOSHgBTF8zYAX8V-_Qb&_nc_tp=18&oh=401d4152545c599d6b2261a6858cc909&oe=5F8D1379","https://instagram.fmex16-1.fna.fbcdn.net/v/t51.2885-15/sh0.08/e35/s640x640/116647230_1013855025699227_571293511172134873_n.jpg?_nc_ht=instagram.fmex16-1.fna.fbcdn.net&_nc_cat=111&_nc_ohc=cOSHgBTF8zYAX8V-_Qb&_nc_tp=24&oh=2acc63bf0021ea2045d66fe8511059dd&oe=5F8CC903","336339103","bbva_mex","Hay oportunidades que parecen de otro planeta.
Comenta con una ‚≠ê si ya descubriste la tuya.
#BBVAM√©xico #CreandoOportunidades #M√©xico",45,1132,false,1596496002,,"[""#BBVAM"",""#CreandoOportunidades"",""#M""]","[]",21244,,,,
"2325743332242715369","CBGsz0FD3Lp","GraphImage",false,606,1080,"https://instagram.fmex16-1.fna.fbcdn.net/v/t51.2885-15/e35/102266005_153015396269465_7866224081103264252_n.jpg?_nc_ht=instagram.fmex16-1.fna.fbcdn.net&_nc_cat=105&_nc_ohc=6GECqX7yxBIAX8fcony&_nc_tp=18&oh=f6d2cb32c5453794d17d5d911d60e868&oe=5FB42446","https://instagram.fmex16-1.fna.fbcdn.net/v/t51.2885-15/e35/c237.0.606.606a/102266005_153015396269465_7866224081103264252_n.jpg?_nc_ht=instagram.fmex16-1.fna.fbcdn.net&_nc_cat=105&_nc_ohc=6GECqX7yxBIAX8fcony&oh=e4ec852e123c4eb1028ab91440833972&oe=5FB49298","336339103","bbva_mex","Los gigantes de avenida Paseo de la Reforma en un incre√≠ble atardecer. Comenta con un ‚òÄ si te gustan m√°s los amaneceres o un üåÖ si prefieres los atardeceres. Gracias a @iamcarlogambino por esta sorprendente toma. 
#CDMX #CreandoOportunidades #M√©xico #TorreBBVA",48,1144,false,1591470232,,"[""#CDMX"",""#CreandoOportunidades"",""#M"",""#TorreBBVA""]","[""@iamcarlogambino""]",,,,,
"2395390076957682868","CE-IpVrjuy0","GraphVideo",true,750,750,"https://instagram.fmex16-1.fna.fbcdn.net/v/t51.2885-15/e35/119097321_710951079634349_8847706775783772062_n.jpg?_nc_ht=instagram.fmex16-1.fna.fbcdn.net&_nc_cat=105&_nc_ohc=raG1ZM4SumgAX9oFnp2&_nc_tp=18&oh=132aaea1154b708907ff46c774037a61&oe=5F8CEA89","https://instagram.fmex16-1.fna.fbcdn.net/v/t51.2885-15/sh0.08/e35/s640x640/119097321_710951079634349_8847706775783772062_n.jpg?_nc_ht=instagram.fmex16-1.fna.fbcdn.net&_nc_cat=105&_nc_ohc=raG1ZM4SumgAX9oFnp2&_nc_tp=24&oh=15011a28a0c77a3be69af9bc0d10434c&oe=5F8D0AB3","336339103","bbva_mex","Para BBVA es importante impulsar el talento de los j√≥venes mexicanos lanzando programas que los reten y los ayuden a desarrollar habilidades. üí° Esto es lo que hace el #HackathonBBVA. Cecilia Abrego, Innovation Manager, nos cuenta m√°s de este incre√≠ble evento. üë®üèª‚Äçüíªüë©üèª‚Äçüíª
#BBVAM√©xico #CreandoOportunidades",26,298,false,1599772819,,"[""#HackathonBBVA"",""#BBVAM"",""#CreandoOportunidades""]","[]",12828,,,,
"2338875926605745660","CB1W0NrDE38","GraphVideo",true,685,750,"https://instagram.fmex16-1.fna.fbcdn.net/v/t51.2885-15/e35/105505359_109395217377599_8829072297633892989_n.jpg?_nc_ht=instagram.fmex16-1.fna.fbcdn.net&_nc_cat=111&_nc_ohc=-SBZdsvNvUkAX9qO0qX&_nc_tp=18&oh=18732e95e4b0abfeba1b39907495904c&oe=5F8C9BD0","https://instagram.fmex16-1.fna.fbcdn.net/v/t51.2885-15/sh0.08/e35/c31.0.658.658a/s640x640/105505359_109395217377599_8829072297633892989_n.jpg?_nc_ht=instagram.fmex16-1.fna.fbcdn.net&_nc_cat=111&_nc_ohc=-SBZdsvNvUkAX9qO0qX&oh=1c9501cc424f8b42d06a56eb3d0e99d9&oe=5F8D14A4","336339103","bbva_mex","Para #Fundaci√≥nBBVA M√©xico formar parte de Juntos por la Salud representa m√°s que hacer donaciones, estamos ayudando a salvar vidas. Sof√≠a Ize, Directora de Fundaci√≥n BBVA M√©xico, nos cuenta c√≥mo cada vez estamos llegando a m√°s hospitales.",20,223,false,1593035884,,"[""#Fundaci""]","[]",4059,,,,
"2350420468588984253","CCeXvaPDbe9","GraphVideo",true,685,750,"https://instagram.fmex16-1.fna.fbcdn.net/v/t51.2885-15/e35/107859622_763477297789942_1105574011112463962_n.jpg?_nc_ht=instagram.fmex16-1.fna.fbcdn.net&_nc_cat=110&_nc_ohc=y_hptWufgDEAX9RvoAW&_nc_tp=18&oh=6e0e1b10a35fbbdd9d172947b294720b&oe=5F8D0E5C","https://instagram.fmex16-1.fna.fbcdn.net/v/t51.2885-15/sh0.08/e35/c31.0.658.658a/s640x640/107859622_763477297789942_1105574011112463962_n.jpg?_nc_ht=instagram.fmex16-1.fna.fbcdn.net&_nc_cat=110&_nc_ohc=y_hptWufgDEAX9RvoAW&oh=bcd2799dd90a2c0e0c6981613f5f21f1&oe=5F8CAB38","336339103","bbva_mex","¬øEres un emprendedor social? esto puede interesarte. Sof√≠a fundadora de TEKITI nos cuenta c√≥mo fue su participaci√≥n en BBVA Momentum. Si t√∫ tambi√©n quieres formar parte de este programa tienes hasta el 17 de julio para inscribirte. El link lo encuentras en nuestra bio.  #BBVAM√©xico #CreandoOportunidades",20,199,false,1594411989,,"[""#BBVAM"",""#CreandoOportunidades""]","[]",5317,,,,
"2328731840826163671","CBRUUVllcHX","GraphVideo",true,750,750,"https://instagram.fmex16-1.fna.fbcdn.net/v/t51.2885-15/e35/103855195_248685136428501_8097065329544215006_n.jpg?_nc_ht=instagram.fmex16-1.fna.fbcdn.net&_nc_cat=109&_nc_ohc=bHN5ICv40CcAX8cy9mc&_nc_tp=18&oh=fe7153d99239f32d177ffeea6ed04a00&oe=5F8D304E","https://instagram.fmex16-1.fna.fbcdn.net/v/t51.2885-15/sh0.08/e35/s640x640/103855195_248685136428501_8097065329544215006_n.jpg?_nc_ht=instagram.fmex16-1.fna.fbcdn.net&_nc_cat=109&_nc_ohc=bHN5ICv40CcAX8cy9mc&_nc_tp=24&oh=d8cf03f3f144b257b079bd38722f7828&oe=5F8D1638","336339103","bbva_mex","Juntos por la Salud, es un esfuerzo de la iniciativa privada y el gobierno de M√©xico que trabaja para que el sector salud cuente con todo lo necesario para atender la contingencia. Sof√≠a Ize, Directora de Fundaci√≥n BBVA M√©xico, nos cuenta un poco de esta iniciativa y c√≥mo formamos parte de la misma. Espera muy pronto la segunda parte de esta entrevista para conocer m√°s de este gran esfuerzo. 
#JuntosPorLaSalud #BBVAM√©xico",8,207,false,1591826512,,"[""#JuntosPorLaSalud"",""#BBVAM""]","[]",3966,,,,